symbol,price,volume,timestamp
KO,29.580015182495117,0,1420156800
PEP,66.58293151855469,0,1420156800
KO,29.580015182495117,0,1420416000
PEP,66.08240509033203,0,1420416000
KO,29.804636001586914,0,1420502400
PEP,65.58177947998047,0,1420502400
KO,30.176664352416992,0,1420588800
PEP,67.49948120117188,0,1420588800
KO,30.541677474975586,0,1420675200
PEP,68.72622680664062,0,1420675200
KO,30.204734802246094,0,1420761600
PEP,68.26091003417969,0,1420761600
KO,29.930980682373047,0,1421020800
PEP,67.97888946533203,0,1421020800
KO,29.923974990844727,0,1421107200
PEP,67.92953491210938,0,1421107200
KO,29.874835968017578,0,1421193600
PEP,68.15515899658203,0,1421193600
KO,29.74847984313965,0,1421280000
PEP,68.15515899658203,0,1421280000
KO,29.853776931762695,0,1421366400
PEP,68.59230041503906,0,1421366400
KO,30.295995712280273,0,1421712000
PEP,68.74738311767578,0,1421712000
KO,30.436389923095703,0,1421798400
PEP,68.66980743408203,0,1421798400
KO,30.731201171875,0,1421884800
PEP,69.72735595703125,0,1421884800
KO,30.40129852294922,0,1421971200
PEP,69.46650695800781,0,1421971200
KO,30.183698654174805,0,1422230400
PEP,69.57931518554688,0,1422230400
KO,29.755502700805664,0,1422316800
PEP,68.19038391113281,0,1422316800
KO,29.42558479309082,0,1422403200
PEP,67.48535919189453,0,1422403200
KO,29.55193328857422,0,1422489600
PEP,67.70391845703125,0,1422489600
KO,28.899124145507812,0,1422576000
PEP,66.11761474609375,0,1422576000
KO,29.193933486938477,0,1422835200
PEP,67.21041870117188,0,1422835200
KO,29.222023010253906,0,1422921600
PEP,67.82378387451172,0,1422921600
KO,29.25712013244629,0,1423008000
PEP,68.10577392578125,0,1423008000
KO,29.334327697753906,0,1423094400
PEP,68.11284637451172,0,1423094400
KO,29.095672607421875,0,1423180800
PEP,68.18336486816406,0,1423180800
KO,28.941242218017578,0,1423440000
PEP,67.66162109375,0,1423440000
KO,29.76251792907715,0,1423526400
PEP,69.0857925415039,0,1423526400
KO,29.741464614868164,0,1423612800
PEP,70.78489685058594,0,1423612800
KO,29.601072311401367,0,1423699200
PEP,70.69326782226562,0,1423699200
KO,29.474727630615234,0,1423785600
PEP,69.88951110839844,0,1423785600
KO,29.348377227783203,0,1424131200
PEP,69.34664916992188,0,1424131200
KO,29.292219161987305,0,1424217600
PEP,70.03052520751953,0,1424217600
KO,29.558958053588867,0,1424304000
PEP,69.6004409790039,0,1424304000
KO,29.46068572998047,0,1424390400
PEP,69.84014129638672,0,1424390400
KO,29.376453399658203,0,1424649600
PEP,70.11511993408203,0,1424649600
KO,29.57299041748047,0,1424736000
PEP,70.20677185058594,0,1424736000
KO,29.516845703125,0,1424822400
PEP,70.15037536621094,0,1424822400
KO,29.804636001586914,0,1424908800
PEP,69.84720611572266,0,1424908800
KO,30.394269943237305,0,1424995200
PEP,69.78376770019531,0,1424995200
KO,30.324081420898438,0,1425254400
PEP,69.79786682128906,0,1425254400
KO,30.148595809936523,0,1425340800
PEP,69.37484741210938,0,1425340800
KO,29.832706451416016,0,1425427200
PEP,69.10159301757812,0,1425427200
KO,29.76251792907715,0,1425513600
PEP,69.00931549072266,0,1425513600
KO,29.144817352294922,0,1425600000
PEP,68.25698852539062,0,1425600000
KO,29.053552627563477,0,1425859200
PEP,68.16471862792969,0,1425859200
KO,28.562191009521484,0,1425945600
PEP,67.02201080322266,0,1425945600
KO,28.14804458618164,0,1426032000
PEP,66.45419311523438,0,1426032000
KO,28.714263916015625,0,1426118400
PEP,67.93048858642578,0,1426118400
KO,28.24713134765625,0,1426204800
PEP,66.9439468383789,0,1426204800
KO,28.516084671020508,0,1426464000
PEP,67.74597930908203,0,1426464000
KO,28.671789169311523,0,1426550400
PEP,66.80906677246094,0,1426550400
KO,28.735496520996094,0,1426636800
PEP,67.17107391357422,0,1426636800
KO,28.32499122619629,0,1426723200
PEP,66.78779602050781,0,1426723200
KO,28.770889282226562,0,1426809600
PEP,67.66790008544922,0,1426809600
KO,28.749645233154297,0,1427068800
PEP,68.02983856201172,0,1427068800
KO,28.643489837646484,0,1427155200
PEP,68.03694915771484,0,1427155200
KO,28.62932586669922,0,1427241600
PEP,67.61111450195312,0,1427241600
KO,28.558549880981445,0,1427328000
PEP,67.87373352050781,0,1427328000
KO,28.367456436157227,0,1427414400
PEP,68.100830078125,0,1427414400
KO,28.671789169311523,0,1427673600
PEP,68.50540161132812,0,1427673600
KO,28.70009422302246,0,1427760000
PEP,67.86663055419922,0,1427760000
KO,28.79212188720703,0,1427846400
PEP,67.49044799804688,0,1427846400
KO,28.79212188720703,0,1427932800
PEP,67.91629791259766,0,1427932800
KO,29.138919830322266,0,1428278400
PEP,68.47702026367188,0,1428278400
KO,29.025680541992188,0,1428364800
PEP,68.2853775024414,0,1428364800
KO,28.94074249267578,0,1428451200
PEP,68.15763092041016,0,1428451200
KO,29.054000854492188,0,1428537600
PEP,68.38471221923828,0,1428537600
KO,28.933679580688477,0,1428624000
PEP,68.27827453613281,0,1428624000
KO,28.80626678466797,0,1428883200
PEP,67.80271911621094,0,1428883200
KO,28.671789169311523,0,1428969600
PEP,68.48411560058594,0,1428969600
KO,28.59393882751465,0,1429056000
PEP,68.5834732055664,0,1429056000
KO,28.735496520996094,0,1429142400
PEP,68.45571899414062,0,1429142400
KO,28.52315902709961,0,1429228800
PEP,68.00148010253906,0,1429228800
KO,28.777956008911133,0,1429488000
PEP,68.49119567871094,0,1429488000
KO,28.862890243530273,0,1429574400
PEP,68.68990325927734,0,1429574400
KO,29.23801612854004,0,1429660800
PEP,69.04480743408203,0,1429660800
KO,28.98322296142578,0,1429747200
PEP,67.94468688964844,0,1429747200
KO,28.94074249267578,0,1429833600
PEP,67.5472183227539,0,1429833600
KO,28.898277282714844,0,1430092800
PEP,67.06459045410156,0,1430092800
KO,28.855817794799805,0,1430179200
PEP,67.01490783691406,0,1430179200
KO,28.65764617919922,0,1430265600
PEP,66.98651123046875,0,1430265600
KO,28.707189559936523,0,1430352000
PEP,67.51173400878906,0,1430352000
KO,28.95490837097168,0,1430438400
PEP,67.82402038574219,0,1430438400
KO,28.99028968811035,0,1430697600
PEP,68.100830078125,0,1430697600
KO,28.841657638549805,0,1430784000
PEP,67.72467803955078,0,1430784000
KO,28.777956008911133,0,1430870400
PEP,67.76725006103516,0,1430870400
KO,28.80626678466797,0,1430956800
PEP,67.53305053710938,0,1430956800
KO,29.00444793701172,0,1431043200
PEP,68.52670288085938,0,1431043200
KO,28.976139068603516,0,1431302400
PEP,68.38471221923828,0,1431302400
KO,28.7991886138916,0,1431388800
PEP,68.27827453613281,0,1431388800
KO,29.054000854492188,0,1431475200
PEP,68.42731475830078,0,1431475200
KO,29.372486114501953,0,1431561600
PEP,69.55583190917969,0,1431561600
KO,29.386653900146484,0,1431648000
PEP,69.71199035644531,0,1431648000
KO,29.245100021362305,0,1431907200
PEP,69.59132385253906,0,1431907200
KO,29.23801612854004,0,1431993600
PEP,69.52034759521484,0,1431993600
KO,29.26633071899414,0,1432080000
PEP,69.33580780029297,0,1432080000
KO,29.18138885498047,0,1432166400
PEP,68.988037109375,0,1432166400
KO,29.167238235473633,0,1432252800
PEP,68.32087707519531,0,1432252800
KO,29.01152992248535,0,1432598400
PEP,67.9872817993164,0,1432598400
KO,29.10353660583496,0,1432684800
PEP,68.40604400634766,0,1432684800
KO,29.11768913269043,0,1432771200
PEP,68.88867950439453,0,1432771200
KO,28.99028968811035,0,1432857600
PEP,68.44154357910156,0,1432857600
KO,28.976139068603516,0,1433116800
PEP,68.11504364013672,0,1433116800
KO,29.01152992248535,0,1433203200
PEP,68.17183685302734,0,1433203200
KO,28.92659568786621,0,1433289600
PEP,68.13821411132812,0,1433289600
KO,28.728410720825195,0,1433376000
PEP,67.30882263183594,0,1433376000
KO,28.381610870361328,0,1433462400
PEP,66.52947998046875,0,1433462400
KO,28.4240779876709,0,1433721600
PEP,66.37933349609375,0,1433721600
KO,28.452388763427734,0,1433808000
PEP,66.54378509521484,0,1433808000
KO,28.544395446777344,0,1433894400
PEP,66.98709106445312,0,1433894400
KO,28.61575698852539,0,1433980800
PEP,67.27307891845703,0,1433980800
KO,28.515857696533203,0,1434067200
PEP,67.02283477783203,0,1434067200
KO,28.25181770324707,0,1434326400
PEP,66.236328125,0,1434326400
KO,28.601491928100586,0,1434412800
PEP,66.88697052001953,0,1434412800
KO,28.737070083618164,0,1434499200
PEP,67.24449157714844,0,1434499200
KO,29.00824737548828,0,1434585600
PEP,68.08818054199219,0,1434585600
KO,28.82984161376953,0,1434672000
PEP,67.82362365722656,0,1434672000
KO,28.886924743652344,0,1434931200
PEP,68.35269927978516,0,1434931200
KO,28.815574645996094,0,1435017600
PEP,68.35269927978516,0,1435017600
KO,28.67997169494629,0,1435104000
PEP,68.1310806274414,0,1435104000
KO,28.558666229248047,0,1435190400
PEP,67.80215454101562,0,1435190400
KO,28.544395446777344,0,1435276800
PEP,67.85935974121094,0,1435276800
KO,28.11623764038086,0,1435536000
PEP,66.98709106445312,0,1435536000
KO,27.994915008544922,0,1435622400
PEP,66.73683166503906,0,1435622400
KO,28.187583923339844,0,1435708800
PEP,67.58049774169922,0,1435708800
KO,28.180458068847656,0,1435795200
PEP,67.68061065673828,0,1435795200
KO,28.130504608154297,0,1436140800
PEP,67.49470520019531,0,1436140800
KO,28.722795486450195,0,1436227200
PEP,68.92469787597656,0,1436227200
KO,28.444490432739258,0,1436313600
PEP,68.3598861694336,0,1436313600
KO,28.4873046875,0,1436400000
PEP,67.63057708740234,0,1436400000
KO,28.822710037231445,0,1436486400
PEP,68.31697082519531,0,1436486400
KO,29.015377044677734,0,1436745600
PEP,69.51099395751953,0,1436745600
KO,29.379323959350586,0,1436832000
PEP,69.44664001464844,0,1436832000
KO,29.35077476501465,0,1436918400
PEP,68.88892364501953,0,1436918400
KO,29.600536346435547,0,1437004800
PEP,69.28221130371094,0,1437004800
KO,29.43641471862793,0,1437091200
PEP,69.19637298583984,0,1437091200
KO,29.529176712036133,0,1437350400
PEP,69.57533264160156,0,1437350400
KO,29.393587112426758,0,1437436800
PEP,69.30363464355469,0,1437436800
KO,29.1866455078125,0,1437523200
PEP,69.47523498535156,0,1437523200
KO,29.14383316040039,0,1437609600
PEP,69.26074981689453,0,1437609600
KO,28.8583927154541,0,1437696000
PEP,68.76740264892578,0,1437696000
KO,28.92974853515625,0,1437955200
PEP,68.39559173583984,0,1437955200
KO,28.93687629699707,0,1438041600
PEP,68.71736145019531,0,1438041600
KO,28.965425491333008,0,1438128000
PEP,69.01763916015625,0,1438128000
KO,28.94401741027832,0,1438214400
PEP,69.08914184570312,0,1438214400
KO,29.31510353088379,0,1438300800
PEP,68.88892364501953,0,1438300800
KO,29.643352508544922,0,1438560000
PEP,69.67543029785156,0,1438560000
KO,29.864572525024414,0,1438646400
PEP,69.93281555175781,0,1438646400
KO,30.057241439819336,0,1438732800
PEP,70.91950988769531,0,1438732800
KO,29.914522171020508,0,1438819200
PEP,70.89087677001953,0,1438819200
KO,29.807477951049805,0,1438905600
PEP,70.85515594482422,0,1438905600
KO,29.743270874023438,0,1439164800
PEP,70.84800720214844,0,1439164800
KO,29.600536346435547,0,1439251200
PEP,70.51197052001953,0,1439251200
KO,29.44354820251465,0,1439337600
PEP,70.34039306640625,0,1439337600
KO,29.329357147216797,0,1439424000
PEP,70.63351440429688,0,1439424000
KO,29.43641471862793,0,1439510400
PEP,70.94810485839844,0,1439510400
KO,29.50777816772461,0,1439769600
PEP,71.39854431152344,0,1439769600
KO,29.472087860107422,0,1439856000
PEP,71.33422088623047,0,1439856000
KO,29.101015090942383,0,1439942400
PEP,70.7764892578125,0,1439942400
KO,28.93687629699707,0,1440028800
PEP,70.05437469482422,0,1440028800
KO,28.209003448486328,0,1440115200
PEP,68.81741333007812,0,1440115200
KO,27.38835334777832,0,1440374400
PEP,65.65721130371094,0,1440374400
KO,27.11004066467285,0,1440460800
PEP,64.09138488769531,0,1440460800
KO,27.638105392456055,0,1440547200
PEP,66.12908172607422,0,1440547200
KO,28.023466110229492,0,1440633600
PEP,66.92272186279297,0,1440633600
KO,28.15191078186035,0,1440720000
PEP,66.8726577758789,0,1440720000
KO,28.05913734436035,0,1440979200
PEP,66.44369506835938,0,1440979200
KO,27.652387619018555,0,1441065600
PEP,65.2997055053711,0,1441065600
KO,27.759428024291992,0,1441152000
PEP,66.02960968017578,0,1441152000
KO,27.94495964050293,0,1441238400
PEP,66.38265991210938,0,1441238400
KO,27.488250732421875,0,1441324800
PEP,65.51082611083984,0,1441324800
KO,27.759428024291992,0,1441670400
PEP,66.55559539794922,0,1441670400
KO,27.331260681152344,0,1441756800
PEP,65.44597625732422,0,1441756800
KO,27.416881561279297,0,1441843200
PEP,65.61167907714844,0,1441843200
KO,27.44568634033203,0,1441929600
PEP,66.01519012451172,0,1441929600
KO,27.424089431762695,0,1442188800
PEP,65.71257781982422,0,1442188800
KO,27.712003707885742,0,1442275200
PEP,66.33223724365234,0,1442275200
KO,28.179872512817383,0,1442361600
PEP,67.05996704101562,0,1442361600
KO,28.345422744750977,0,1442448000
PEP,67.27615356445312,0,1442448000
KO,28.057498931884766,0,1442534400
PEP,67.0455551147461,0,1442534400
KO,28.208663940429688,0,1442793600
PEP,67.52112579345703,0,1442793600
KO,27.920747756958008,0,1442880000
PEP,66.55559539794922,0,1442880000
KO,27.899158477783203,0,1442966400
PEP,66.57723236083984,0,1442966400
KO,28.179872512817383,0,1443052800
PEP,66.62764739990234,0,1443052800
KO,28.51818084716797,0,1443139200
PEP,67.34819030761719,0,1443139200
KO,28.453392028808594,0,1443398400
PEP,66.62764739990234,0,1443398400
KO,28.54697608947754,0,1443484800
PEP,67.03837585449219,0,1443484800
KO,28.878068923950195,0,1443571200
PEP,67.94623565673828,0,1443571200
KO,28.647737503051758,0,1443657600
PEP,67.62198638916016,0,1443657600
KO,29.072416305541992,0,1443744000
PEP,67.8453598022461,0,1443744000
KO,29.51868438720703,0,1444003200
PEP,69.03424835205078,0,1444003200
KO,29.48269271850586,0,1444089600
PEP,69.94213104248047,0,1444089600
KO,29.885780334472656,0,1444176000
PEP,70.98686981201172,0,1444176000
KO,30.216890335083008,0,1444262400
PEP,71.31111907958984,0,1444262400
KO,30.24567985534668,0,1444348800
PEP,71.67138671875,0,1444348800
KO,30.231287002563477,0,1444608000
PEP,71.43360137939453,0,1444608000
KO,29.979354858398438,0,1444694400
PEP,70.55457305908203,0,1444694400
KO,30.000953674316406,0,1444780800
PEP,70.24474334716797,0,1444780800
KO,30.173696517944336,0,1444867200
PEP,70.8139419555664,0,1444867200
KO,30.24567985534668,0,1444953600
PEP,71.83710479736328,0,1444953600
KO,30.22408103942871,0,1445212800
PEP,72.18296813964844,0,1445212800
KO,30.440019607543945,0,1445299200
PEP,72.24779510498047,0,1445299200
KO,30.368024826049805,0,1445385600
PEP,72.2333984375,0,1445385600
KO,31.12383460998535,0,1445472000
PEP,74.27250671386719,0,1445472000
KO,30.7999210357666,0,1445558400
PEP,73.80416870117188,0,1445558400
KO,30.655954360961914,0,1445817600
PEP,73.88341522216797,0,1445817600
KO,30.670358657836914,0,1445904000
PEP,74.17162322998047,0,1445904000
KO,30.756723403930664,0,1445990400
PEP,74.02751922607422,0,1445990400
KO,30.7999210357666,0,1446076800
PEP,74.0707778930664,0,1446076800
KO,30.483205795288086,0,1446163200
PEP,73.63123321533203,0,1446163200
KO,30.40402603149414,0,1446422400
PEP,73.06201171875,0,1446422400
KO,30.34644889831543,0,1446508800
PEP,72.71614837646484,0,1446508800
KO,30.209693908691406,0,1446595200
PEP,72.49999237060547,0,1446595200
KO,30.46881103515625,0,1446681600
PEP,72.49278259277344,0,1446681600
KO,30.202489852905273,0,1446768000
PEP,71.85150909423828,0,1446768000
KO,29.900177001953125,0,1447027200
PEP,71.24627685546875,0,1447027200
KO,30.065731048583984,0,1447113600
PEP,71.21024322509766,0,1447113600
KO,30.260068893432617,0,1447200000
PEP,71.64258575439453,0,1447200000
KO,29.928966522216797,0,1447286400
PEP,70.87876892089844,0,1447286400
KO,29.785009384155273,0,1447372800
PEP,70.64102172851562,0,1447372800
KO,30.202489852905273,0,1447632000
PEP,71.73623657226562,0,1447632000
KO,29.99375343322754,0,1447718400
PEP,71.21024322509766,0,1447718400
KO,30.432815551757812,0,1447804800
PEP,72.24779510498047,0,1447804800
KO,31.030256271362305,0,1447891200
PEP,72.72335815429688,0,1447891200
KO,30.540782928466797,0,1447977600
PEP,72.12532806396484,0,1447977600
KO,30.922286987304688,0,1448236800
PEP,72.66572570800781,0,1448236800
KO,31.210201263427734,0,1448323200
PEP,72.50719451904297,0,1448323200
KO,31.210201263427734,0,1448409600
PEP,72.41352081298828,0,1448409600
KO,31.2972412109375,0,1448582400
PEP,72.5864486694336,0,1448582400
KO,30.91282844543457,0,1448841600
PEP,72.16856384277344,0,1448841600
KO,31.10865020751953,0,1448928000
PEP,72.8170166015625,0,1448928000
KO,31.021610260009766,0,1449014400
PEP,72.18071746826172,0,1449014400
KO,30.796777725219727,0,1449100800
PEP,71.89772033691406,0,1449100800
KO,31.39878273010254,0,1449187200
PEP,73.32710266113281,0,1449187200
KO,31.33349609375,0,1449446400
PEP,73.04414367675781,0,1449446400
KO,31.195680618286133,0,1449532800
PEP,72.68136596679688,0,1449532800
KO,30.941829681396484,0,1449619200
PEP,71.92671966552734,0,1449619200
KO,31.014362335205078,0,1449705600
PEP,71.75985717773438,0,1449705600
KO,30.658960342407227,0,1449792000
PEP,70.94721984863281,0,1449792000
KO,30.78952407836914,0,1450051200
PEP,71.07054138183594,0,1450051200
KO,31.239212036132812,0,1450137600
PEP,72.11540222167969,0,1450137600
KO,31.797700881958008,0,1450224000
PEP,73.34161376953125,0,1450224000
KO,31.543840408325195,0,1450310400
PEP,72.703125,0,1450310400
KO,30.825780868530273,0,1450396800
PEP,71.03428649902344,0,1450396800
KO,31.02887535095215,0,1450656000
PEP,71.55670166015625,0,1450656000
KO,31.39878273010254,0,1450742400
PEP,72.4128646850586,0,1450742400
KO,31.67437744140625,0,1450828800
PEP,73.02236938476562,0,1450828800
KO,31.58010482788086,0,1450915200
PEP,72.94981384277344,0,1450915200
KO,31.543840408325195,0,1451260800
PEP,73.05140686035156,0,1451260800
KO,31.703407287597656,0,1451347200
PEP,73.61007690429688,0,1451347200
KO,31.60186004638672,0,1451433600
PEP,73.39242553710938,0,1451433600
KO,31.159427642822266,0,1451520000
PEP,72.49994659423828,0,1451520000
KO,30.753253936767578,0,1451865600
PEP,71.66552734375,0,1451865600
KO,30.862043380737305,0,1451952000
PEP,72.15892791748047,0,1451952000
KO,30.695220947265625,0,1452038400
PEP,72.18071746826172,0,1452038400
KO,30.187517166137695,0,1452124800
PEP,70.79484558105469,0,1452124800
KO,30.10772132873535,0,1452211200
PEP,70.53362274169922,0,1452211200
KO,30.158493041992188,0,1452470400
PEP,70.70053100585938,0,1452470400
KO,30.5501651763916,0,1452556800
PEP,70.83112335205078,0,1452556800
KO,30.354331970214844,0,1452643200
PEP,70.0184555053711,0,1452643200
KO,30.376081466674805,0,1452729600
PEP,69.5178451538086,0,1452729600
KO,30.10047149658203,0,1452816000
PEP,68.15371704101562,0,1452816000
KO,30.405099868774414,0,1453161600
PEP,69.48880004882812,0,1453161600
KO,30.01343536376953,0,1453248000
PEP,68.03762817382812,0,1453248000
KO,30.020689010620117,0,1453334400
PEP,68.54554748535156,0,1453334400
KO,30.506643295288086,0,1453420800
PEP,69.54682922363281,0,1453420800
KO,30.579179763793945,0,1453680000
PEP,69.61214447021484,0,1453680000
KO,30.52114486694336,0,1453766400
PEP,69.88787078857422,0,1453766400
KO,30.528413772583008,0,1453852800
PEP,69.61214447021484,0,1453852800
KO,30.876558303833008,0,1453939200
PEP,70.70777130126953,0,1453939200
KO,31.130414962768555,0,1454025600
PEP,72.05007934570312,0,1454025600
KO,31.18842887878418,0,1454284800
PEP,71.85420227050781,0,1454284800
KO,30.782262802124023,0,1454371200
PEP,71.25922393798828,0,1454371200
KO,30.9853515625,0,1454457600
PEP,71.62925720214844,0,1454457600
KO,30.84754753112793,0,1454544000
PEP,70.66424560546875,0,1454544000
KO,30.782262802124023,0,1454630400
PEP,70.61344909667969,0,1454630400
KO,30.934574127197266,0,1454889600
PEP,70.75855255126953,0,1454889600
KO,31.40602684020996,0,1454976000
PEP,71.30998992919922,0,1454976000
KO,30.862043380737305,0,1455062400
PEP,70.83112335205078,0,1455062400
KO,30.760515213012695,0,1455148800
PEP,70.3087158203125,0,1455148800
KO,31.268226623535156,0,1455235200
PEP,71.4623794555664,0,1455235200
KO,31.449546813964844,0,1455580800
PEP,71.54217529296875,0,1455580800
KO,31.543840408325195,0,1455667200
PEP,72.23149871826172,0,1455667200
KO,31.630887985229492,0,1455753600
PEP,72.28229522705078,0,1455753600
KO,31.74692153930664,0,1455840000
PEP,72.25326538085938,0,1455840000
KO,31.87024688720703,0,1456099200
PEP,72.46369171142578,0,1456099200
KO,31.688905715942383,0,1456185600
PEP,72.22423553466797,0,1456185600
KO,31.848472595214844,0,1456272000
PEP,72.32581329345703,0,1456272000
KO,32.02980041503906,0,1456358400
PEP,73.04414367675781,0,1456358400
KO,31.28997802734375,0,1456444800
PEP,71.3680648803711,0,1456444800
KO,31.282733917236328,0,1456704000
PEP,70.97622680664062,0,1456704000
KO,31.688905715942383,0,1456790400
PEP,71.89772033691406,0,1456790400
KO,31.74692153930664,0,1456876800
PEP,71.85607147216797,0,1456876800
KO,31.884740829467773,0,1456963200
PEP,72.46260833740234,0,1456963200
KO,31.993539810180664,0,1457049600
PEP,73.07644653320312,0,1457049600
KO,31.920997619628906,0,1457308800
PEP,72.52836608886719,0,1457308800
KO,32.14583969116211,0,1457395200
PEP,72.88643646240234,0,1457395200
KO,32.501258850097656,0,1457481600
PEP,73.22261047363281,0,1457481600
KO,32.80586624145508,0,1457568000
PEP,73.64643096923828,0,1457568000
KO,33.039791107177734,0,1457654400
PEP,74.03375244140625,0,1457654400
KO,33.1055793762207,0,1457913600
PEP,73.55142974853516,0,1457913600
KO,33.06903839111328,0,1458000000
PEP,73.91683197021484,0,1458000000
KO,32.930145263671875,0,1458086400
PEP,73.68299865722656,0,1458086400
KO,33.456443786621094,0,1458172800
PEP,74.44300842285156,0,1458172800
KO,33.332183837890625,0,1458259200
PEP,74.01912689208984,0,1458259200
KO,33.38333511352539,0,1458518400
PEP,74.20182037353516,0,1458518400
KO,33.25908279418945,0,1458604800
PEP,73.63915252685547,0,1458604800
KO,33.2298469543457,0,1458691200
PEP,73.66835021972656,0,1458691200
KO,33.317562103271484,0,1458777600
PEP,73.5733871459961,0,1458777600
KO,33.4783821105957,0,1459123200
PEP,73.7925796508789,0,1459123200
KO,33.975440979003906,0,1459209600
PEP,74.07758331298828,0,1459209600
KO,34.04852294921875,0,1459296000
PEP,75.04219818115234,0,1459296000
KO,33.909645080566406,0,1459382400
PEP,74.88874816894531,0,1459382400
KO,34.231266021728516,0,1459468800
PEP,75.8387222290039,0,1459468800
KO,34.27513885498047,0,1459728000
PEP,75.86797332763672,0,1459728000
KO,34.01198196411133,0,1459814400
PEP,75.34178924560547,0,1459814400
KO,34.143558502197266,0,1459900800
PEP,75.94100952148438,0,1459900800
KO,33.88772201538086,0,1459987200
PEP,75.70719909667969,0,1459987200
KO,34.2605094909668,0,1460073600
PEP,76.7887191772461,0,1460073600
KO,33.94619369506836,0,1460332800
PEP,76.2187271118164,0,1460332800
KO,34.099708557128906,0,1460419200
PEP,76.66447448730469,0,1460419200
KO,33.65380859375,0,1460505600
PEP,76.08719635009766,0,1460505600
KO,33.500308990478516,0,1460592000
PEP,75.38570404052734,0,1460592000
KO,33.697654724121094,0,1460678400
PEP,75.83142852783203,0,1460678400
KO,33.78539276123047,0,1460937600
PEP,75.79486846923828,0,1460937600
KO,34.06315612792969,0,1461024000
PEP,76.23332977294922,0,1461024000
KO,32.43308639526367,0,1461110400
PEP,74.85951232910156,0,1461110400
KO,31.914113998413086,0,1461196800
PEP,73.79991149902344,0,1461196800
KO,32.557350158691406,0,1461283200
PEP,74.52335357666016,0,1461283200
KO,32.68162536621094,0,1461542400
PEP,75.12259674072266,0,1461542400
KO,32.550048828125,0,1461628800
PEP,74.9764404296875,0,1461628800
KO,32.65969467163086,0,1461715200
PEP,74.99834442138672,0,1461715200
KO,32.62314987182617,0,1461801600
PEP,75.2468032836914,0,1461801600
KO,32.747413635253906,0,1461888000
PEP,75.23950958251953,0,1461888000
KO,32.87898254394531,0,1462147200
PEP,75.58294677734375,0,1462147200
KO,32.77665710449219,0,1462233600
PEP,75.67794799804688,0,1462233600
KO,32.87898254394531,0,1462320000
PEP,76.0141372680664,0,1462320000
KO,32.93746566772461,0,1462406400
PEP,76.15296173095703,0,1462406400
KO,33.127506256103516,0,1462492800
PEP,76.70101928710938,0,1462492800
KO,33.06903839111328,0,1462752000
PEP,76.93487548828125,0,1462752000
KO,33.441837310791016,0,1462838400
PEP,77.87755584716797,0,1462838400
KO,33.2298469543457,0,1462924800
PEP,77.25640869140625,0,1462924800
KO,33.500308990478516,0,1463011200
PEP,77.53408813476562,0,1463011200
KO,33.149436950683594,0,1463097600
PEP,76.13105010986328,0,1463097600
KO,33.34679412841797,0,1463356800
PEP,76.09449768066406,0,1463356800
KO,32.71086502075195,0,1463443200
PEP,74.80835723876953,0,1463443200
KO,32.51349639892578,0,1463529600
PEP,73.74143981933594,0,1463529600
KO,32.396541595458984,0,1463616000
PEP,74.0483627319336,0,1463616000
KO,32.12608337402344,0,1463702400
PEP,73.1495132446289,0,1463702400
KO,32.14070129394531,0,1463961600
PEP,73.38333892822266,0,1463961600
KO,32.43308639526367,0,1464048000
PEP,73.87294006347656,0,1464048000
KO,32.44040298461914,0,1464134400
PEP,73.87294006347656,0,1464134400
KO,32.666996002197266,0,1464220800
PEP,74.46490478515625,0,1464220800
KO,32.73278045654297,0,1464307200
PEP,74.50873565673828,0,1464307200
KO,32.60122299194336,0,1464652800
PEP,73.93143463134766,0,1464652800
KO,32.67430877685547,0,1464739200
PEP,74.78032684326172,0,1464739200
KO,32.68893051147461,0,1464825600
PEP,75.0969009399414,0,1464825600
KO,32.92284393310547,0,1464912000
PEP,75.48710632324219,0,1464912000
KO,33.16405487060547,0,1465171200
PEP,75.61228942871094,0,1465171200
KO,33.127506256103516,0,1465257600
PEP,75.45768737792969,0,1465257600
KO,33.295631408691406,0,1465344000
PEP,75.96568298339844,0,1465344000
KO,33.44913864135742,0,1465430400
PEP,76.31908416748047,0,1465430400
KO,33.61725997924805,0,1465516800
PEP,76.0613784790039,0,1465516800
KO,33.23423767089844,0,1465776000
PEP,75.87733459472656,0,1465776000
KO,33.175315856933594,0,1465862400
PEP,76.00248718261719,0,1465862400
KO,33.153221130371094,0,1465948800
PEP,75.73008728027344,0,1465948800
KO,33.37419128417969,0,1466035200
PEP,76.45895385742188,0,1466035200
KO,32.99117660522461,0,1466121600
PEP,76.13501739501953,0,1466121600
KO,33.13112258911133,0,1466380800
PEP,76.10557556152344,0,1466380800
KO,33.24162292480469,0,1466467200
PEP,76.62828826904297,0,1466467200
KO,33.04273223876953,0,1466553600
PEP,76.37798309326172,0,1466553600
KO,33.20478820800781,0,1466640000
PEP,76.89334869384766,0,1466640000
KO,32.35771179199219,0,1466726400
PEP,75.08218383789062,0,1466726400
KO,32.24723434448242,0,1466985600
PEP,75.19263458251953,0,1466985600
KO,32.54186248779297,0,1467072000
PEP,75.19995880126953,0,1467072000
KO,32.73337173461914,0,1467158400
PEP,75.9215087890625,0,1467158400
KO,33.3889274597168,0,1467244800
PEP,77.99774169921875,0,1467244800
KO,33.23423767089844,0,1467331200
PEP,77.76947784423828,0,1467331200
KO,33.46257781982422,0,1467676800
PEP,78.35111236572266,0,1467676800
KO,33.3447380065918,0,1467763200
PEP,77.98297882080078,0,1467763200
KO,33.21213912963867,0,1467849600
PEP,79.1388931274414,0,1467849600
KO,33.42574691772461,0,1467936000
PEP,79.7131576538086,0,1467936000
KO,33.56568908691406,0,1468195200
PEP,80.18436431884766,0,1468195200
KO,33.57306671142578,0,1468281600
PEP,80.09601593017578,0,1468281600
KO,33.69091796875,0,1468368000
PEP,80.92060852050781,0,1468368000
KO,33.65408706665039,0,1468454400
PEP,80.95742797851562,0,1468454400
KO,33.609893798828125,0,1468540800
PEP,80.7365493774414,0,1468540800
KO,33.609893798828125,0,1468800000
PEP,80.40522003173828,0,1468800000
KO,33.609893798828125,0,1468886400
PEP,80.64082336425781,0,1468886400
KO,33.52149963378906,0,1468972800
PEP,80.19173431396484,0,1468972800
KO,33.477317810058594,0,1469059200
PEP,79.94140625,0,1469059200
KO,33.7572135925293,0,1469145600
PEP,80.3905258178711,0,1469145600
KO,33.56568908691406,0,1469404800
PEP,80.26533508300781,0,1469404800
KO,33.057456970214844,0,1469491200
PEP,79.66161346435547,0,1469491200
KO,31.967336654663086,0,1469577600
PEP,79.13154602050781,0,1469577600
KO,32.15147399902344,0,1469664000
PEP,79.6100845336914,0,1469664000
KO,32.136741638183594,0,1469750400
PEP,80.19173431396484,0,1469750400
KO,32.0041618347168,0,1470009600
PEP,80.19906616210938,0,1470009600
KO,32.063087463378906,0,1470096000
PEP,80.04447174072266,0,1470096000
KO,32.144107818603516,0,1470182400
PEP,79.5438232421875,0,1470182400
KO,32.04835891723633,0,1470268800
PEP,79.82355499267578,0,1470268800
KO,32.02626037597656,0,1470355200
PEP,80.00027465820312,0,1470355200
KO,31.99679946899414,0,1470614400
PEP,79.61744689941406,0,1470614400
KO,32.018890380859375,0,1470700800
PEP,79.72051239013672,0,1470700800
KO,32.12201690673828,0,1470787200
PEP,80.11809539794922,0,1470787200
KO,32.22513198852539,0,1470873600
PEP,79.8677749633789,0,1470873600
KO,32.4313850402832,0,1470960000
PEP,79.9487533569336,0,1470960000
KO,32.586063385009766,0,1471219200
PEP,80.04447174072266,0,1471219200
KO,32.2840576171875,0,1471305600
PEP,79.5143814086914,0,1471305600
KO,32.45348358154297,0,1471392000
PEP,79.86041259765625,0,1471392000
KO,32.48293685913086,0,1471478400
PEP,79.72051239013672,0,1471478400
KO,32.350345611572266,0,1471564800
PEP,79.6395263671875,0,1471564800
KO,32.217769622802734,0,1471824000
PEP,79.48492431640625,0,1471824000
KO,32.29879379272461,0,1471910400
PEP,79.42601013183594,0,1471910400
KO,32.29879379272461,0,1471996800
PEP,79.59536743164062,0,1471996800
KO,32.16619873046875,0,1472083200
PEP,79.42601013183594,0,1472083200
KO,31.908414840698242,0,1472169600
PEP,79.10945129394531,0,1472169600
KO,32.07046127319336,0,1472428800
PEP,79.50701141357422,0,1472428800
KO,31.8494873046875,0,1472515200
PEP,78.9327392578125,0,1472515200
KO,31.989431381225586,0,1472601600
PEP,79.14997863769531,0,1472601600
KO,31.930503845214844,0,1472688000
PEP,79.55037689208984,0,1472688000
KO,32.158851623535156,0,1472774400
PEP,79.98041534423828,0,1472774400
KO,32.25461196899414,0,1473120000
PEP,80.01749420166016,0,1473120000
KO,32.144107818603516,0,1473206400
PEP,79.49105072021484,0,1473206400
KO,32.136741638183594,0,1473292800
PEP,79.24636840820312,0,1473292800
KO,31.135007858276367,0,1473379200
PEP,77.14808654785156,0,1473379200
KO,31.812667846679688,0,1473638400
PEP,78.60872650146484,0,1473638400
KO,31.39680290222168,0,1473724800
PEP,77.54845428466797,0,1473724800
KO,31.270551681518555,0,1473811200
PEP,77.88951873779297,0,1473811200
KO,31.456212997436523,0,1473897600
PEP,78.20833587646484,0,1473897600
KO,31.292837142944336,0,1473984000
PEP,78.06005859375,0,1473984000
KO,31.263137817382812,0,1474243200
PEP,78.34921264648438,0,1474243200
KO,31.441354751586914,0,1474329600
PEP,78.81633758544922,0,1474329600
KO,31.58245277404785,0,1474416000
PEP,79.4317398071289,0,1474416000
KO,31.901763916015625,0,1474502400
PEP,79.94334411621094,0,1474502400
KO,31.738393783569336,0,1474588800
PEP,79.58744049072266,0,1474588800
KO,31.226016998291016,0,1474848000
PEP,79.35758209228516,0,1474848000
KO,31.627012252807617,0,1474934400
PEP,79.69868469238281,0,1474934400
KO,31.300270080566406,0,1475020800
PEP,79.61709594726562,0,1475020800
KO,31.21116828918457,0,1475107200
PEP,79.89884948730469,0,1475107200
KO,31.426496505737305,0,1475193600
PEP,80.64772033691406,0,1475193600
KO,31.21116828918457,0,1475452800
PEP,80.26216888427734,0,1475452800
KO,31.07006072998047,0,1475539200
PEP,79.40949249267578,0,1475539200
KO,31.047779083251953,0,1475625600
PEP,78.60130310058594,0,1475625600
KO,30.973512649536133,0,1475712000
PEP,78.89048767089844,0,1475712000
KO,30.988378524780273,0,1475798400
PEP,78.58646392822266,0,1475798400
KO,30.988378524780273,0,1476057600
PEP,78.75703430175781,0,1476057600
KO,30.847274780273438,0,1476144000
PEP,78.27508544921875,0,1476144000
KO,31.025503158569336,0,1476230400
PEP,78.6532211303711,0,1476230400
KO,31.010650634765625,0,1476316800
PEP,78.53456115722656,0,1476316800
KO,30.943819046020508,0,1476403200
PEP,79.20930480957031,0,1476403200
KO,30.89183807373047,0,1476662400
PEP,79.22413635253906,0,1476662400
KO,31.166601181030273,0,1476748800
PEP,79.29828643798828,0,1476748800
KO,31.226016998291016,0,1476835200
PEP,78.78667449951172,0,1476835200
KO,31.136898040771484,0,1476921600
PEP,78.49750518798828,0,1476921600
KO,31.285419464111328,0,1477008000
PEP,78.31212615966797,0,1477008000
KO,31.604724884033203,0,1477267200
PEP,79.56520080566406,0,1477267200
KO,31.589876174926758,0,1477353600
PEP,79.50588989257812,0,1477353600
KO,31.515613555908203,0,1477440000
PEP,79.38726043701172,0,1477440000
KO,31.277982711791992,0,1477526400
PEP,79.06100463867188,0,1477526400
KO,31.35967445373535,0,1477612800
PEP,79.38726043701172,0,1477612800
KO,31.48590850830078,0,1477872000
PEP,79.48365783691406,0,1477872000
KO,31.277982711791992,0,1477958400
PEP,79.12032318115234,0,1477958400
KO,31.226016998291016,0,1478044800
PEP,79.12032318115234,0,1478044800
KO,31.21116828918457,0,1478131200
PEP,79.06100463867188,0,1478131200
KO,30.95867347717285,0,1478217600
PEP,78.45299530029297,0,1478217600
KO,31.53046989440918,0,1478476800
PEP,79.30569458007812,0,1478476800
KO,31.842350006103516,0,1478563200
PEP,80.61065673828125,0,1478563200
KO,31.389371871948242,0,1478649600
PEP,79.52071380615234,0,1478649600
KO,30.40172004699707,0,1478736000
PEP,76.55490112304688,0,1478736000
KO,30.468555450439453,0,1478822400
PEP,76.51040649414062,0,1478822400
KO,30.572519302368164,0,1479081600
PEP,75.17578887939453,0,1479081600
KO,30.773021697998047,0,1479168000
PEP,75.51687622070312,0,1479168000
KO,30.639362335205078,0,1479254400
PEP,75.4130630493164,0,1479254400
KO,30.535400390625,0,1479340800
PEP,75.3463134765625,0,1479340800
KO,30.379451751708984,0,1479427200
PEP,75.11649322509766,0,1479427200
KO,30.713607788085938,0,1479686400
PEP,75.82086944580078,0,1479686400
KO,30.72103500366211,0,1479772800
PEP,76.2879867553711,0,1479772800
KO,30.535400390625,0,1479859200
PEP,75.27960968017578,0,1479859200
KO,30.83985710144043,0,1480032000
PEP,75.75415802001953,0,1480032000
KO,31.003231048583984,0,1480291200
PEP,76.21383666992188,0,1480291200
KO,30.816003799438477,0,1480377600
PEP,76.02847290039062,0,1480377600
KO,30.21691131591797,0,1480464000
PEP,74.76837921142578,0,1480464000
KO,30.082115173339844,0,1480550400
PEP,73.96919250488281,0,1480550400
KO,30.224411010742188,0,1480636800
PEP,75.14186096191406,0,1480636800
KO,30.419099807739258,0,1480896000
PEP,75.2240219116211,0,1480896000
KO,30.38166618347168,0,1480982400
PEP,75.8514404296875,0,1480982400
KO,30.920854568481445,0,1481068800
PEP,76.79257202148438,0,1481068800
KO,30.68869972229004,0,1481155200
PEP,76.29961395263672,0,1481155200
KO,31.452556610107422,0,1481241600
PEP,77.3602523803711,0,1481241600
KO,31.377656936645508,0,1481500800
PEP,78.21923828125,0,1481500800
KO,31.27281951904297,0,1481587200
PEP,78.89897155761719,0,1481587200
KO,30.86093521118164,0,1481673600
PEP,78.03250885009766,0,1481673600
KO,31.115556716918945,0,1481760000
PEP,78.6524658203125,0,1481760000
KO,31.257835388183594,0,1481846400
PEP,79.0782241821289,0,1481846400
KO,31.205419540405273,0,1482105600
PEP,78.73462677001953,0,1482105600
KO,31.19793701171875,0,1482192000
PEP,78.35369110107422,0,1482192000
KO,31.13054656982422,0,1482278400
PEP,78.20430755615234,0,1482278400
KO,31.115556716918945,0,1482364800
PEP,78.68980407714844,0,1482364800
KO,31.15300750732422,0,1482451200
PEP,78.49559020996094,0,1482451200
KO,31.160491943359375,0,1482796800
PEP,78.5254898071289,0,1482796800
KO,30.9957332611084,0,1482883200
PEP,78.14454650878906,0,1482883200
KO,31.15300750732422,0,1482969600
PEP,78.42091369628906,0,1482969600
KO,31.04815673828125,0,1483056000
PEP,78.1520004272461,0,1483056000
KO,31.302772521972656,0,1483401600
PEP,78.16696166992188,0,1483401600
KO,31.190448760986328,0,1483488000
PEP,78.31632995605469,0,1483488000
KO,31.265329360961914,0,1483574400
PEP,78.21176147460938,0,1483574400
KO,31.257835388183594,0,1483660800
PEP,78.0997085571289,0,1483660800
KO,30.943315505981445,0,1483920000
PEP,77.2780990600586,0,1483920000
KO,30.733631134033203,0,1484006400
PEP,76.16517639160156,0,1484006400
KO,30.741111755371094,0,1484092800
PEP,76.04566192626953,0,1484092800
KO,30.666229248046875,0,1484179200
PEP,76.06806182861328,0,1484179200
KO,30.61380958557129,0,1484265600
PEP,75.8514404296875,0,1484265600
KO,30.868425369262695,0,1484611200
PEP,76.3294677734375,0,1484611200
KO,30.920854568481445,0,1484697600
PEP,76.74031066894531,0,1484697600
KO,30.808515548706055,0,1484784000
PEP,76.45647430419922,0,1484784000
KO,30.943315505981445,0,1484870400
PEP,77.11375427246094,0,1484870400
KO,31.025693893432617,0,1485129600
PEP,77.68891143798828,0,1485129600
KO,31.377656936645508,0,1485216000
PEP,78.21176147460938,0,1485216000
KO,31.542400360107422,0,1485302400
PEP,78.13710021972656,0,1485302400
KO,31.31025505065918,0,1485388800
PEP,77.78602600097656,0,1485388800
KO,31.040668487548828,0,1485475200
PEP,77.29303741455078,0,1485475200
KO,30.988252639770508,0,1485734400
PEP,77.44989013671875,0,1485734400
KO,31.13054656982422,0,1485820800
PEP,77.51712036132812,0,1485820800
KO,30.89838981628418,0,1485907200
PEP,76.94197845458984,0,1485907200
KO,31.003231048583984,0,1485993600
PEP,77.70384979248047,0,1485993600
KO,31.108060836791992,0,1486080000
PEP,78.51053619384766,0,1486080000
KO,31.1230525970459,0,1486339200
PEP,78.10718536376953,0,1486339200
KO,31.377656936645508,0,1486425600
PEP,78.88401794433594,0,1486425600
KO,31.46752166748047,0,1486512000
PEP,78.94376373291016,0,1486512000
KO,30.89089584350586,0,1486598400
PEP,79.15290069580078,0,1486598400
KO,30.38915252685547,0,1486684800
PEP,79.25000762939453,0,1486684800
KO,30.419099807739258,0,1486944000
PEP,79.56371307373047,0,1486944000
KO,30.351701736450195,0,1487030400
PEP,79.86251068115234,0,1487030400
KO,30.28431510925293,0,1487116800
PEP,79.72056579589844,0,1487116800
KO,30.85346031188965,0,1487203200
PEP,80.75882720947266,0,1487203200
KO,30.875905990600586,0,1487289600
PEP,80.78121948242188,0,1487289600
KO,31.04815673828125,0,1487635200
PEP,81.6850357055664,0,1487635200
KO,31.15300750732422,0,1487721600
PEP,81.7223892211914,0,1487721600
KO,31.19793701171875,0,1487808000
PEP,81.8194808959961,0,1487808000
KO,31.287790298461914,0,1487894400
PEP,82.03609466552734,0,1487894400
KO,31.205419540405273,0,1488153600
PEP,81.6178207397461,0,1488153600
KO,31.422595977783203,0,1488240000
PEP,82.44689178466797,0,1488240000
KO,31.57236671447754,0,1488326400
PEP,82.52436065673828,0,1488326400
KO,31.804515838623047,0,1488412800
PEP,82.8101577758789,0,1488412800
KO,31.811996459960938,0,1488499200
PEP,83.14859008789062,0,1488499200
KO,31.58734703063965,0,1488758400
PEP,82.44916534423828,0,1488758400
KO,31.4450626373291,0,1488844800
PEP,82.21598052978516,0,1488844800
KO,31.4450626373291,0,1488931200
PEP,82.20097351074219,0,1488931200
KO,31.47502326965332,0,1489017600
PEP,81.99037170410156,0,1489017600
KO,31.669710159301758,0,1489104000
PEP,82.4190673828125,0,1489104000
KO,31.75283432006836,0,1489363200
PEP,82.28370666503906,0,1489363200
KO,31.707500457763672,0,1489449600
PEP,82.23107147216797,0,1489449600
KO,31.82081413269043,0,1489536000
PEP,83.56221771240234,0,1489536000
KO,31.91901969909668,0,1489622400
PEP,83.58477783203125,0,1489622400
KO,31.75283432006836,0,1489708800
PEP,83.7728042602539,0,1489708800
KO,31.866146087646484,0,1489968000
PEP,83.59231567382812,0,1489968000
KO,32.10789489746094,0,1490054400
PEP,84.05858612060547,0,1490054400
KO,32.017242431640625,0,1490140800
PEP,84.24658203125,0,1490140800
KO,31.858596801757812,0,1490227200
PEP,84.06610107421875,0,1490227200
KO,31.82081413269043,0,1490313600
PEP,84.32183074951172,0,1490313600
KO,31.97190284729004,0,1490572800
PEP,84.10370635986328,0,1490572800
KO,32.05501174926758,0,1490659200
PEP,84.56998443603516,0,1490659200
KO,32.04747009277344,0,1490745600
PEP,84.554931640625,0,1490745600
KO,32.183441162109375,0,1490832000
PEP,84.36693572998047,0,1490832000
KO,32.062564849853516,0,1490918400
PEP,84.12627410888672,0,1490918400
KO,32.0399169921875,0,1491177600
PEP,84.12627410888672,0,1491177600
KO,32.2438850402832,0,1491264000
PEP,84.29175567626953,0,1491264000
KO,32.160789489746094,0,1491350400
PEP,84.18644714355469,0,1491350400
KO,32.236328125,0,1491436800
PEP,83.91571044921875,0,1491436800
KO,32.191001892089844,0,1491523200
PEP,83.9382553100586,0,1491523200
KO,32.25143814086914,0,1491782400
PEP,84.24658203125,0,1491782400
KO,32.22877502441406,0,1491868800
PEP,84.02851867675781,0,1491868800
KO,32.440303802490234,0,1491955200
PEP,85.44239807128906,0,1491955200
KO,32.32699203491211,0,1492041600
PEP,84.74298858642578,0,1492041600
KO,32.53853225708008,0,1492387200
PEP,85.22428894042969,0,1492387200
KO,32.848270416259766,0,1492473600
PEP,85.94625854492188,0,1492473600
KO,32.65940475463867,0,1492560000
PEP,85.44992065429688,0,1492560000
KO,32.55363845825195,0,1492646400
PEP,85.4273452758789,0,1492646400
KO,32.53853225708008,0,1492732800
PEP,85.3070068359375,0,1492732800
KO,32.69717788696289,0,1492992000
PEP,85.97635650634766,0,1492992000
KO,32.5687370300293,0,1493078400
PEP,85.85603332519531,0,1493078400
KO,32.66696548461914,0,1493164800
PEP,85.2317886352539,0,1493164800
KO,32.49319076538086,0,1493251200
PEP,84.7128677368164,0,1493251200
KO,32.59896469116211,0,1493337600
PEP,85.19418334960938,0,1493337600
KO,32.651851654052734,0,1493596800
PEP,84.4421157836914,0,1493596800
KO,32.7802734375,0,1493683200
PEP,84.44964599609375,0,1493683200
KO,32.727394104003906,0,1493769600
PEP,84.07362365722656,0,1493769600
KO,32.98426055908203,0,1493856000
PEP,84.95355987548828,0,1493856000
KO,33.00691604614258,0,1493942400
PEP,85.14907836914062,0,1493942400
KO,33.15802001953125,0,1494201600
PEP,85.14907836914062,0,1494201600
KO,32.87092971801758,0,1494288000
PEP,84.77306365966797,0,1494288000
KO,32.916259765625,0,1494374400
PEP,84.86326599121094,0,1494374400
KO,32.99180221557617,0,1494460800
PEP,85.01370239257812,0,1494460800
KO,32.93136215209961,0,1494547200
PEP,84.91594696044922,0,1494547200
KO,33.037132263183594,0,1494806400
PEP,85.69056701660156,0,1494806400
KO,33.12778854370117,0,1494892800
PEP,85.5777587890625,0,1494892800
KO,33.188236236572266,0,1494979200
PEP,85.5401611328125,0,1494979200
KO,33.090030670166016,0,1495065600
PEP,85.75823211669922,0,1495065600
KO,33.165565490722656,0,1495152000
PEP,85.5025634765625,0,1495152000
KO,33.377113342285156,0,1495411200
PEP,86.26213836669922,0,1495411200
KO,33.53574752807617,0,1495497600
PEP,86.52536010742188,0,1495497600
KO,34.019256591796875,0,1495584000
PEP,87.28495025634766,0,1495584000
KO,34.30635070800781,0,1495670400
PEP,88.39048767089844,0,1495670400
KO,34.291236877441406,0,1495756800
PEP,88.67628479003906,0,1495756800
KO,34.321449279785156,0,1496102400
PEP,88.7514877319336,0,1496102400
KO,34.351680755615234,0,1496188800
PEP,88.49783325195312,0,1496188800
KO,34.59342575073242,0,1496275200
PEP,88.77042388916016,0,1496275200
KO,34.668975830078125,0,1496361600
PEP,89.10360717773438,0,1496361600
KO,34.744529724121094,0,1496620800
PEP,89.26261138916016,0,1496620800
KO,34.736968994140625,0,1496707200
PEP,89.1263198852539,0,1496707200
KO,34.381893157958984,0,1496793600
PEP,88.63410949707031,0,1496793600
KO,34.09481430053711,0,1496880000
PEP,87.75572967529297,0,1496880000
KO,34.23835754394531,0,1496966400
PEP,87.79359436035156,0,1496966400
KO,34.24591827392578,0,1497225600
PEP,88.01317596435547,0,1497225600
KO,34.29922866821289,0,1497312000
PEP,88.08132934570312,0,1497312000
KO,34.504886627197266,0,1497398400
PEP,88.87642669677734,0,1497398400
KO,34.466800689697266,0,1497484800
PEP,88.7552719116211,0,1497484800
KO,34.51251220703125,0,1497571200
PEP,88.49021911621094,0,1497571200
KO,34.56582260131836,0,1497830400
PEP,88.81584167480469,0,1497830400
KO,34.74101638793945,0,1497916800
PEP,89.31561279296875,0,1497916800
KO,34.443946838378906,0,1498003200
PEP,88.91426086425781,0,1498003200
KO,34.32969284057617,0,1498089600
PEP,87.95260620117188,0,1498089600
KO,34.466800689697266,0,1498176000
PEP,88.56595611572266,0,1498176000
KO,34.60390090942383,0,1498435200
PEP,88.68711853027344,0,1498435200
KO,34.314449310302734,0,1498521600
PEP,87.79359436035156,0,1498521600
KO,34.520118713378906,0,1498608000
PEP,88.12677001953125,0,1498608000
KO,34.14688491821289,0,1498694400
PEP,87.21806335449219,0,1498694400
KO,34.16212463378906,0,1498780800
PEP,87.45284271240234,0,1498780800
KO,34.09356689453125,0,1499040000
PEP,87.41495513916016,0,1499040000
KO,34.13927459716797,0,1499212800
PEP,87.30896759033203,0,1499212800
KO,33.81935501098633,0,1499299200
PEP,87.18023681640625,0,1499299200
KO,33.811737060546875,0,1499385600
PEP,87.46796417236328,0,1499385600
KO,33.804115295410156,0,1499644800
PEP,86.52899932861328,0,1499644800
KO,33.76604461669922,0,1499731200
PEP,86.127685546875,0,1499731200
KO,33.90315246582031,0,1499817600
PEP,86.90760040283203,0,1499817600
KO,33.842201232910156,0,1499904000
PEP,86.33969116210938,0,1499904000
KO,34.032630920410156,0,1499990400
PEP,87.0287857055664,0,1499990400
KO,34.07071304321289,0,1500249600
PEP,87.0287857055664,0,1500249600
KO,34.02500915527344,0,1500336000
PEP,87.08937072753906,0,1500336000
KO,34.14688491821289,0,1500422400
PEP,87.3392333984375,0,1500422400
KO,34.13927459716797,0,1500508800
PEP,87.46796417236328,0,1500508800
KO,34.29922866821289,0,1500595200
PEP,88.31607818603516,0,1500595200
KO,34.154502868652344,0,1500854400
PEP,87.93743896484375,0,1500854400
KO,34.45918655395508,0,1500940800
PEP,88.1797866821289,0,1500940800
KO,34.84004211425781,0,1501027200
PEP,88.74011993408203,0,1501027200
KO,35.12946701049805,0,1501113600
PEP,88.85370635986328,0,1501113600
KO,35.045684814453125,0,1501200000
PEP,88.30091857910156,0,1501200000
KO,34.91619110107422,0,1501459200
PEP,88.30091857910156,0,1501459200
KO,34.8095588684082,0,1501545600
PEP,87.77845001220703,0,1501545600
KO,34.72578048706055,0,1501632000
PEP,87.5436782836914,0,1501632000
KO,34.786705017089844,0,1501718400
PEP,88.06619262695312,0,1501718400
KO,34.6572265625,0,1501804800
PEP,88.11920166015625,0,1501804800
KO,34.76385498046875,0,1502064000
PEP,88.56595611572266,0,1502064000
KO,34.7333984375,0,1502150400
PEP,88.37664031982422,0,1502150400
KO,34.72578048706055,0,1502236800
PEP,88.31607818603516,0,1502236800
KO,34.84004211425781,0,1502323200
PEP,88.12677001953125,0,1502323200
KO,34.72578048706055,0,1502409600
PEP,88.22523498535156,0,1502409600
KO,34.885738372802734,0,1502668800
PEP,89.2323226928711,0,1502668800
KO,35.18279266357422,0,1502755200
PEP,90.08799743652344,0,1502755200
KO,35.190406799316406,0,1502841600
PEP,90.18643188476562,0,1502841600
KO,34.93144607543945,0,1502928000
PEP,89.64879608154297,0,1502928000
KO,34.786705017089844,0,1503014400
PEP,89.05059051513672,0,1503014400
KO,34.79433059692383,0,1503273600
PEP,89.55037689208984,0,1503273600
KO,34.7333984375,0,1503360000
PEP,89.29291534423828,0,1503360000
KO,34.68768310546875,0,1503446400
PEP,88.81584167480469,0,1503446400
KO,34.58866882324219,0,1503532800
PEP,88.00560760498047,0,1503532800
KO,34.71053695678711,0,1503619200
PEP,87.72543334960938,0,1503619200
KO,34.59627914428711,0,1503878400
PEP,87.49069213867188,0,1503878400
KO,34.619144439697266,0,1503964800
PEP,87.71785736083984,0,1503964800
KO,34.57344436645508,0,1504051200
PEP,87.80552673339844,0,1504051200
KO,34.695308685302734,0,1504137600
PEP,88.24781036376953,0,1504137600
KO,34.870506286621094,0,1504224000
PEP,88.33168029785156,0,1504224000
KO,34.977134704589844,0,1504569600
PEP,88.35456848144531,0,1504569600
KO,35.00761032104492,0,1504656000
PEP,88.72059631347656,0,1504656000
KO,35.251346588134766,0,1504742400
PEP,89.20863342285156,0,1504742400
KO,35.26656723022461,0,1504828800
PEP,87.72166442871094,0,1504828800
KO,35.43415069580078,0,1505088000
PEP,88.21732330322266,0,1505088000
KO,35.58650207519531,0,1505174400
PEP,87.691162109375,0,1505174400
KO,35.70074462890625,0,1505260800
PEP,87.27177429199219,0,1505260800
KO,35.40132141113281,0,1505347200
PEP,87.0735092163086,0,1505347200
KO,35.4550666809082,0,1505433600
PEP,87.57677459716797,0,1505433600
KO,35.40132141113281,0,1505692800
PEP,87.68354034423828,0,1505692800
KO,35.301509857177734,0,1505779200
PEP,87.30229187011719,0,1505779200
KO,35.14796447753906,0,1505865600
PEP,86.6083755493164,0,1505865600
KO,34.85620880126953,0,1505952000
PEP,86.01360321044922,0,1505952000
KO,34.92531967163086,0,1506038400
PEP,85.28919982910156,0,1506038400
KO,35.078861236572266,0,1506297600
PEP,85.35781860351562,0,1506297600
KO,34.98672866821289,0,1506384000
PEP,85.25870513916016,0,1506384000
KO,34.27272033691406,0,1506470400
PEP,84.71727752685547,0,1506470400
KO,34.48000717163086,0,1506556800
PEP,85.12907409667969,0,1506556800
KO,34.55678939819336,0,1506643200
PEP,84.96894073486328,0,1506643200
KO,34.39556121826172,0,1506902400
PEP,83.20748138427734,0,1506902400
KO,34.694984436035156,0,1506988800
PEP,83.2151107788086,0,1506988800
KO,34.932987213134766,0,1507075200
PEP,83.37525939941406,0,1507075200
KO,34.948341369628906,0,1507161600
PEP,84.22164916992188,0,1507161600
KO,34.92531967163086,0,1507248000
PEP,84.18350982666016,0,1507248000
KO,34.863895416259766,0,1507507200
PEP,83.88613891601562,0,1507507200
KO,35.21706771850586,0,1507593600
PEP,84.4732894897461,0,1507593600
KO,35.393638610839844,0,1507680000
PEP,85.02995300292969,0,1507680000
KO,35.40132141113281,0,1507766400
PEP,85.74671936035156,0,1507766400
KO,35.4550666809082,0,1507852800
PEP,85.8763427734375,0,1507852800
KO,35.792869567871094,0,1508112000
PEP,86.60076141357422,0,1508112000
KO,35.71610641479492,0,1508198400
PEP,85.5484619140625,0,1508198400
KO,35.62397766113281,0,1508284800
PEP,85.36544799804688,0,1508284800
KO,35.76984786987305,0,1508371200
PEP,85.91446685791016,0,1508371200
KO,35.60861587524414,0,1508457600
PEP,85.106201171875,0,1508457600
KO,35.56255340576172,0,1508716800
PEP,85.16720581054688,0,1508716800
KO,35.4550666809082,0,1508803200
PEP,84.45040893554688,0,1508803200
KO,35.355262756347656,0,1508889600
PEP,83.93190002441406,0,1508889600
KO,35.49345397949219,0,1508976000
PEP,84.43517303466797,0,1508976000
KO,35.37060546875,0,1509062400
PEP,84.33605194091797,0,1509062400
KO,35.209388732910156,0,1509321600
PEP,83.61162567138672,0,1509321600
KO,35.301509857177734,0,1509408000
PEP,84.05390167236328,0,1509408000
KO,35.16331481933594,0,1509494400
PEP,83.97765350341797,0,1509494400
KO,35.224735260009766,0,1509580800
PEP,83.91665649414062,0,1509580800
KO,35.29383850097656,0,1509667200
PEP,84.04624938964844,0,1509667200
KO,34.90996170043945,0,1509926400
PEP,83.31422424316406,0,1509926400
KO,35.27080154418945,0,1510012800
PEP,84.23690032958984,0,1510012800
KO,35.4550666809082,0,1510099200
PEP,85.403564453125,0,1510099200
KO,35.49345397949219,0,1510185600
PEP,85.00707244873047,0,1510185600
KO,35.73146438598633,0,1510272000
PEP,85.97547149658203,0,1510272000
KO,35.86965560913086,0,1510531200
PEP,86.95914459228516,0,1510531200
KO,36.414764404296875,0,1510617600
PEP,88.27071380615234,0,1510617600
KO,35.93876266479492,0,1510704000
PEP,87.76742553710938,0,1510704000
KO,35.739131927490234,0,1510790400
PEP,87.86656188964844,0,1510790400
KO,35.09422302246094,0,1510876800
PEP,87.44715881347656,0,1510876800
KO,34.902286529541016,0,1511136000
PEP,87.62255859375,0,1511136000
KO,35.14796447753906,0,1511222400
PEP,88.49185180664062,0,1511222400
KO,35.194026947021484,0,1511308800
PEP,87.7521743774414,0,1511308800
KO,35.224735260009766,0,1511481600
PEP,88.37744903564453,0,1511481600
KO,35.24009704589844,0,1511740800
PEP,88.33932495117188,0,1511740800
KO,35.18635559082031,0,1511827200
PEP,89.04087829589844,0,1511827200
KO,34.932987213134766,0,1511913600
PEP,89.09423828125,0,1511913600
KO,35.42837905883789,0,1512000000
PEP,89.46662139892578,0,1512000000
KO,35.583194732666016,0,1512086400
PEP,89.666259765625,0,1512086400
KO,35.784454345703125,0,1512345600
PEP,90.18838500976562,0,1512345600
KO,35.80766677856445,0,1512432000
PEP,90.2881851196289,0,1512432000
KO,35.95474624633789,0,1512518400
PEP,91.2940444946289,0,1512518400
KO,35.43612289428711,0,1512604800
PEP,89.62786865234375,0,1512604800
KO,35.072322845458984,0,1512691200
PEP,89.50501251220703,0,1512691200
KO,35.08780288696289,0,1512950400
PEP,90.13461303710938,0,1512950400
KO,35.056846618652344,0,1513036800
PEP,90.14229583740234,0,1513036800
KO,35.52901077270508,0,1513123200
PEP,90.44944763183594,0,1513123200
KO,35.629634857177734,0,1513209600
PEP,90.61834716796875,0,1513209600
KO,35.753482818603516,0,1513296000
PEP,91.53974914550781,0,1513296000
KO,35.55223083496094,0,1513555200
PEP,90.64138793945312,0,1513555200
KO,35.70703887939453,0,1513641600
PEP,91.07137298583984,0,1513641600
KO,35.66834259033203,0,1513728000
PEP,91.38616943359375,0,1513728000
KO,35.29679870605469,0,1513814400
PEP,90.80262756347656,0,1513814400
KO,35.28904342651367,0,1513900800
PEP,91.0636978149414,0,1513900800
KO,35.45935821533203,0,1514246400
PEP,91.2863540649414,0,1514246400
KO,35.55223083496094,0,1514332800
PEP,91.60116577148438,0,1514332800
KO,35.389678955078125,0,1514419200
PEP,91.63954162597656,0,1514419200
KO,35.51353454589844,0,1514505600
PEP,92.07722473144531,0,1514505600
KO,35.25034713745117,0,1514851200
PEP,90.6490707397461,0,1514851200
KO,35.17294692993164,0,1514937600
PEP,90.41106414794922,0,1514937600
KO,35.66834259033203,0,1515024000
PEP,90.85638427734375,0,1515024000
KO,35.66059112548828,0,1515110400
PEP,91.11744689941406,0,1515110400
KO,35.606414794921875,0,1515369600
PEP,90.59530639648438,0,1515369600
KO,35.784454345703125,0,1515456000
PEP,90.6644287109375,0,1515456000
KO,35.66059112548828,0,1515542400
PEP,90.20374298095703,0,1515542400
KO,35.63737869262695,0,1515628800
PEP,89.74304962158203,0,1515628800
KO,35.722530364990234,0,1515715200
PEP,90.126953125,0,1515715200
KO,36.01667022705078,0,1516060800
PEP,90.49552154541016,0,1516060800
KO,36.24113845825195,0,1516147200
PEP,91.50904846191406,0,1516147200
KO,36.2875862121582,0,1516233600
PEP,91.4092025756836,0,1516233600
KO,36.50431442260742,0,1516320000
PEP,92.26917266845703,0,1516320000
KO,36.674617767333984,0,1516579200
PEP,93.29806518554688,0,1516579200
KO,36.728790283203125,0,1516665600
PEP,93.13680267333984,0,1516665600
KO,37.022926330566406,0,1516752000
PEP,93.01395416259766,0,1516752000
KO,37.03067398071289,0,1516838400
PEP,92.82968139648438,0,1516838400
KO,37.56476593017578,0,1516924800
PEP,93.49002838134766,0,1516924800
KO,36.92230224609375,0,1517184000
PEP,91.88525390625,0,1517184000
KO,36.69783020019531,0,1517270400
PEP,92.05419921875,0,1517270400
KO,36.837162017822266,0,1517356800
PEP,92.36901092529297,0,1517356800
KO,36.728790283203125,0,1517443200
PEP,92.36901092529297,0,1517443200
KO,36.17147445678711,0,1517529600
PEP,91.11744689941406,0,1517529600
KO,34.74722671508789,0,1517788800
PEP,87.8849105834961,0,1517788800
KO,34.576927185058594,0,1517875200
PEP,87.19386291503906,0,1517875200
KO,34.491798400878906,0,1517961600
PEP,87.14779663085938,0,1517961600
KO,33.36166763305664,0,1518048000
PEP,84.5755844116211,0,1518048000
KO,33.384883880615234,0,1518134400
PEP,85.36642456054688,0,1518134400
KO,34.035091400146484,0,1518393600
PEP,85.94230651855469,0,1518393600
KO,34.20538330078125,0,1518480000
PEP,86.10356140136719,0,1518480000
KO,34.13572311401367,0,1518566400
PEP,83.77706146240234,0,1518566400
KO,34.662071228027344,0,1518652800
PEP,85.20520782470703,0,1518652800
KO,34.81688690185547,0,1518739200
PEP,85.27429962158203,0,1518739200
KO,34.05056381225586,0,1519084800
PEP,84.06117248535156,0,1519084800
KO,33.54742431640625,0,1519171200
PEP,82.92477416992188,0,1519171200
KO,33.686767578125,0,1519257600
PEP,83.89221954345703,0,1519257600
KO,34.08926773071289,0,1519344000
PEP,84.2147216796875,0,1519344000
KO,34.081539154052734,0,1519603200
PEP,85.18218994140625,0,1519603200
KO,33.76416015625,0,1519689600
PEP,85.14376831054688,0,1519689600
KO,33.45456314086914,0,1519776000
PEP,84.25312042236328,0,1519776000
KO,33.617103576660156,0,1519862400
PEP,83.63045501708984,0,1519862400
KO,33.841575622558594,0,1519948800
PEP,84.34205627441406,0,1519948800
KO,33.97317123413086,0,1520208000
PEP,84.64372253417969,0,1520208000
KO,34.004127502441406,0,1520294400
PEP,84.7597427368164,0,1520294400
KO,33.91897201538086,0,1520380800
PEP,84.96085357666016,0,1520380800
KO,34.40663146972656,0,1520467200
PEP,86.6935043334961,0,1520467200
KO,34.69303894042969,0,1520553600
PEP,87.04930114746094,0,1520553600
KO,34.46855926513672,0,1520812800
PEP,87.21174621582031,0,1520812800
KO,34.49951171875,0,1520899200
PEP,87.86919403076172,0,1520899200
KO,34.18717575073242,0,1520985600
PEP,87.10345458984375,0,1520985600
KO,34.10126495361328,0,1521072000
PEP,86.62387084960938,0,1521072000
KO,33.93728256225586,0,1521158400
PEP,86.35314178466797,0,1521158400
KO,33.78111267089844,0,1521417600
PEP,85.36309051513672,0,1521417600
KO,33.70301818847656,0,1521504000
PEP,85.00729370117188,0,1521504000
KO,33.57808303833008,0,1521590400
PEP,84.11001586914062,0,1521590400
KO,33.390663146972656,0,1521676800
PEP,83.49121856689453,0,1521676800
KO,33.05488586425781,0,1521763200
PEP,82.1066665649414,0,1521763200
KO,33.335994720458984,0,1522022400
PEP,82.61714935302734,0,1522022400
KO,33.4921760559082,0,1522108800
PEP,83.25917053222656,0,1522108800
KO,33.82796096801758,0,1522195200
PEP,84.45035552978516,0,1522195200
KO,33.91385269165039,0,1522281600
PEP,84.42716217041016,0,1522281600
KO,33.32038116455078,0,1522627200
PEP,82.80280303955078,0,1522627200
KO,33.874813079833984,0,1522713600
PEP,83.68458557128906,0,1522713600
KO,34.54637908935547,0,1522800000
PEP,85.2238540649414,0,1522800000
KO,34.671321868896484,0,1522886400
PEP,85.52549743652344,0,1522886400
KO,34.296485900878906,0,1522972800
PEP,84.54316711425781,0,1522972800
KO,34.2262077331543,0,1523232000
PEP,84.60504913330078,0,1523232000
KO,34.35115051269531,0,1523318400
PEP,84.62053680419922,0,1523318400
KO,34.35115051269531,0,1523404800
PEP,84.06361389160156,0,1523404800
KO,34.38239669799805,0,1523491200
PEP,83.77742004394531,0,1523491200
KO,34.757225036621094,0,1523577600
PEP,84.51224517822266,0,1523577600
KO,34.88996505737305,0,1523836800
PEP,85.02275085449219,0,1523836800
KO,35.046146392822266,0,1523923200
PEP,84.21057891845703,0,1523923200
KO,34.757225036621094,0,1524009600
PEP,82.7486572265625,0,1524009600
KO,34.601036071777344,0,1524096000
PEP,81.65805053710938,0,1524096000
KO,34.15593338012695,0,1524182400
PEP,79.2679214477539,0,1524182400
KO,34.34334182739258,0,1524441600
PEP,79.34527587890625,0,1524441600
KO,33.632747650146484,0,1524528000
PEP,78.4634780883789,0,1524528000
KO,33.13296890258789,0,1524614400
PEP,78.23917388916016,0,1524614400
KO,33.38286209106445,0,1524700800
PEP,79.87125396728516,0,1524700800
KO,33.82014846801758,0,1524787200
PEP,78.67232513427734,0,1524787200
KO,33.742069244384766,0,1525046400
PEP,78.0767593383789,0,1525046400
KO,33.25791549682617,0,1525132800
PEP,76.67669677734375,0,1525132800
KO,32.84404754638672,0,1525219200
PEP,75.20706939697266,0,1525219200
KO,32.7112922668457,0,1525305600
PEP,75.4932632446289,0,1525305600
KO,33.07831573486328,0,1525392000
PEP,76.56840515136719,0,1525392000
KO,32.90652084350586,0,1525651200
PEP,75.98058319091797,0,1525651200
KO,32.64881134033203,0,1525737600
PEP,74.8667221069336,0,1525737600
KO,32.625389099121094,0,1525824000
PEP,74.37940979003906,0,1525824000
KO,32.937747955322266,0,1525910400
PEP,75.23800659179688,0,1525910400
KO,32.90652084350586,0,1525996800
PEP,75.36177825927734,0,1525996800
KO,32.828426361083984,0,1526256000
PEP,75.1451644897461,0,1526256000
KO,32.578548431396484,0,1526342400
PEP,74.87446594238281,0,1526342400
KO,32.445796966552734,0,1526428800
PEP,75.17613983154297,0,1526428800
KO,33.03144454956055,0,1526515200
PEP,75.74081420898438,0,1526515200
KO,32.937747955322266,0,1526601600
PEP,75.42366027832031,0,1526601600
KO,33.11736297607422,0,1526860800
PEP,76.97064208984375,0,1526860800
KO,32.992401123046875,0,1526947200
PEP,77.29549407958984,0,1526947200
KO,33.10954284667969,0,1527033600
PEP,77.6977310180664,0,1527033600
KO,33.04706573486328,0,1527120000
PEP,77.48889923095703,0,1527120000
KO,33.10954284667969,0,1527206400
PEP,77.58942413330078,0,1527206400
KO,33.32819747924805,0,1527552000
PEP,78.20050048828125,0,1527552000
KO,33.67959213256836,0,1527638400
PEP,78.76515197753906,0,1527638400
KO,33.57808303833008,0,1527724800
PEP,78.2562026977539,0,1527724800
KO,33.671791076660156,0,1527811200
PEP,78.2562026977539,0,1527811200
KO,33.96072006225586,0,1528070400
PEP,78.15474700927734,0,1528070400
KO,33.66396713256836,0,1528156800
PEP,78.22496795654297,0,1528156800
KO,33.93728256225586,0,1528243200
PEP,78.70894622802734,0,1528243200
KO,33.921669006347656,0,1528329600
PEP,78.966552734375,0,1528329600
KO,34.319915771484375,0,1528416000
PEP,80.00476837158203,0,1528416000
KO,34.46046829223633,0,1528675200
PEP,80.5667953491211,0,1528675200
KO,34.679115295410156,0,1528761600
PEP,81.55818939208984,0,1528761600
KO,34.4995231628418,0,1528848000
PEP,82.17488098144531,0,1528848000
KO,34.33407974243164,0,1528934400
PEP,82.06556701660156,0,1528934400
KO,34.75950622558594,0,1529020800
PEP,84.00151062011719,0,1529020800
KO,34.3104248046875,0,1529280000
PEP,82.26074981689453,0,1529280000
KO,34.349830627441406,0,1529366400
PEP,82.71348571777344,0,1529366400
KO,34.08196258544922,0,1529452800
PEP,82.59639739990234,0,1529452800
KO,33.94803237915039,0,1529539200
PEP,83.71265411376953,0,1529539200
KO,34.0740852355957,0,1529625600
PEP,84.5947494506836,0,1529625600
KO,34.33407974243164,0,1529884800
PEP,85.07872009277344,0,1529884800
KO,34.137115478515625,0,1529971200
PEP,84.344970703125,0,1529971200
KO,33.932281494140625,0,1530057600
PEP,84.51668548583984,0,1530057600
KO,34.24742126464844,0,1530144000
PEP,84.83674621582031,0,1530144000
KO,34.55467987060547,0,1530230400
PEP,84.98506164550781,0,1530230400
KO,34.4680061340332,0,1530489600
PEP,85.5002670288086,0,1530489600
KO,34.657081604003906,0,1530576000
PEP,84.9303970336914,0,1530576000
KO,35.184940338134766,0,1530748800
PEP,85.51586151123047,0,1530748800
KO,35.169185638427734,0,1530835200
PEP,85.5236587524414,0,1530835200
KO,34.980106353759766,0,1531094400
PEP,84.11859130859375,0,1531094400
KO,35.429168701171875,0,1531180800
PEP,88.12311553955078,0,1531180800
KO,35.28736877441406,0,1531267200
PEP,87.84989166259766,0,1531267200
KO,35.192813873291016,0,1531353600
PEP,87.06147003173828,0,1531353600
KO,35.24797821044922,0,1531440000
PEP,87.96698760986328,0,1531440000
KO,35.240081787109375,0,1531699200
PEP,88.17774963378906,0,1531699200
KO,35.6497688293457,0,1531785600
PEP,89.67652893066406,0,1531785600
KO,35.54734420776367,0,1531872000
PEP,89.63749694824219,0,1531872000
KO,35.53947448730469,0,1531958400
PEP,90.37126159667969,0,1531958400
KO,35.67340087890625,0,1532044800
PEP,90.55863189697266,0,1532044800
KO,35.41341781616211,0,1532304000
PEP,89.29403686523438,0,1532304000
KO,35.65764617919922,0,1532390400
PEP,89.56724548339844,0,1532390400
KO,36.31155014038086,0,1532476800
PEP,89.93412780761719,0,1532476800
KO,36.42972183227539,0,1532563200
PEP,89.77017974853516,0,1532563200
KO,36.40608215332031,0,1532649600
PEP,89.2081298828125,0,1532649600
KO,36.42185592651367,0,1532908800
PEP,89.13008117675781,0,1532908800
KO,36.73698425292969,0,1532995200
PEP,89.77017974853516,0,1532995200
KO,36.54790115356445,0,1533081600
PEP,88.68516540527344,0,1533081600
KO,36.382450103759766,0,1533168000
PEP,89.5282211303711,0,1533168000
KO,36.72911071777344,0,1533254400
PEP,90.78498840332031,0,1533254400
KO,36.75274658203125,0,1533513600
PEP,91.62805938720703,0,1533513600
KO,36.63455581665039,0,1533600000
PEP,89.16133880615234,0,1533600000
KO,36.358829498291016,0,1533686400
PEP,88.59149169921875,0,1533686400
KO,36.51639175415039,0,1533772800
PEP,88.75541687011719,0,1533772800
KO,36.30366897583008,0,1533859200
PEP,88.10749816894531,0,1533859200
KO,36.10672378540039,0,1534118400
PEP,88.22457122802734,0,1534118400
KO,36.15398025512695,0,1534204800
PEP,88.28704071044922,0,1534204800
KO,36.30366897583008,0,1534291200
PEP,88.56024932861328,0,1534291200
KO,36.413978576660156,0,1534377600
PEP,89.18475341796875,0,1534377600
KO,36.713356018066406,0,1534464000
PEP,89.73896789550781,0,1534464000
KO,36.81576919555664,0,1534723200
PEP,89.64532470703125,0,1534723200
KO,36.413978576660156,0,1534809600
PEP,88.7710189819336,0,1534809600
KO,36.18549346923828,0,1534896000
PEP,87.61571502685547,0,1534896000
KO,36.004302978515625,0,1534982400
PEP,87.37371063232422,0,1534982400
KO,35.94915008544922,0,1535068800
PEP,87.54545593261719,0,1535068800
KO,35.99641799926758,0,1535328000
PEP,87.74842834472656,0,1535328000
KO,35.74431610107422,0,1535414400
PEP,86.78045654296875,0,1535414400
KO,35.71279525756836,0,1535500800
PEP,87.46741485595703,0,1535500800
KO,35.41341781616211,0,1535587200
PEP,87.39713287353516,0,1535587200
KO,35.11402893066406,0,1535673600
PEP,87.43616485595703,0,1535673600
KO,35.26372146606445,0,1536019200
PEP,86.64777374267578,0,1536019200
KO,35.75218200683594,0,1536105600
PEP,88.30265045166016,0,1536105600
KO,36.05944061279297,0,1536192000
PEP,89.33214569091797,0,1536192000
KO,36.020042419433594,0,1536278400
PEP,88.73397064208984,0,1536278400
KO,36.28791427612305,0,1536537600
PEP,89.38723754882812,0,1536537600
KO,36.25639724731445,0,1536624000
PEP,89.19832611083984,0,1536624000
KO,36.42972183227539,0,1536710400
PEP,89.60761260986328,0,1536710400
KO,36.41383743286133,0,1536796800
PEP,90.5048599243164,0,1536796800
KO,36.54096603393555,0,1536883200
PEP,90.17430114746094,0,1536883200
KO,36.803157806396484,0,1537142400
PEP,90.82759094238281,0,1537142400
KO,36.493282318115234,0,1537228800
PEP,89.7099380493164,0,1537228800
KO,36.51713180541992,0,1537315200
PEP,89.54464721679688,0,1537315200
KO,37.05742263793945,0,1537401600
PEP,90.68590545654297,0,1537401600
KO,37.009742736816406,0,1537488000
PEP,90.44192504882812,0,1537488000
KO,36.60451889038086,0,1537747200
PEP,88.36402893066406,0,1537747200
KO,36.294654846191406,0,1537833600
PEP,88.12792205810547,0,1537833600
KO,36.42972183227539,0,1537920000
PEP,87.75801086425781,0,1537920000
KO,36.556846618652344,0,1538006400
PEP,87.40383911132812,0,1538006400
KO,36.699867248535156,0,1538092800
PEP,87.994140625,0,1538092800
KO,36.73166275024414,0,1538352000
PEP,87.13621520996094,0,1538352000
KO,36.954124450683594,0,1538438400
PEP,85.5699691772461,0,1538438400
KO,36.445621490478516,0,1538524800
PEP,84.62548065185547,0,1538524800
KO,36.42972183227539,0,1538611200
PEP,83.90924835205078,0,1538611200
KO,36.45356369018555,0,1538697600
PEP,83.81478881835938,0,1538697600
KO,36.930294036865234,0,1538956800
PEP,85.15279388427734,0,1538956800
KO,36.85877227783203,0,1539043200
PEP,85.09772491455078,0,1539043200
KO,36.294654846191406,0,1539129600
PEP,84.48379516601562,0,1539129600
KO,35.468326568603516,0,1539216000
PEP,82.68928527832031,0,1539216000
KO,35.50011444091797,0,1539302400
PEP,82.86244201660156,0,1539302400
KO,35.682857513427734,0,1539561600
PEP,83.13793182373047,0,1539561600
KO,36.14369201660156,0,1539648000
PEP,84.52316284179688,0,1539648000
KO,36.437679290771484,0,1539734400
PEP,85.24726867675781,0,1539734400
KO,36.239036560058594,0,1539820800
PEP,84.94817352294922,0,1539820800
KO,36.81110763549805,0,1539907200
PEP,86.8056640625,0,1539907200
KO,36.52507400512695,0,1540166400
PEP,86.10517120361328,0,1540166400
KO,36.8349494934082,0,1540252800
PEP,86.6797103881836,0,1540252800
KO,37.12892532348633,0,1540339200
PEP,88.90711975097656,0,1540339200
KO,36.954124450683594,0,1540425600
PEP,88.82052612304688,0,1540425600
KO,36.48534393310547,0,1540512000
PEP,86.93157196044922,0,1540512000
KO,36.914405822753906,0,1540771200
PEP,88.85202026367188,0,1540771200
KO,37.84400939941406,0,1540857600
PEP,89.54464721679688,0,1540857600
KO,38.04264450073242,0,1540944000
PEP,88.45060729980469,0,1540944000
KO,37.931400299072266,0,1541030400
PEP,87.76589965820312,0,1541030400
KO,38.13798522949219,0,1541116800
PEP,87.49826049804688,0,1541116800
KO,38.68622589111328,0,1541376000
PEP,90.03262329101562,0,1541376000
KO,39.01992416381836,0,1541462400
PEP,90.67802429199219,0,1541462400
KO,39.22651290893555,0,1541548800
PEP,90.99285888671875,0,1541548800
KO,39.19472885131836,0,1541635200
PEP,91.3470458984375,0,1541635200
KO,39.47282028198242,0,1541721600
PEP,92.46466827392578,0,1541721600
KO,39.62378692626953,0,1541980800
PEP,92.06324768066406,0,1541980800
KO,39.615840911865234,0,1542067200
PEP,92.19706726074219,0,1542067200
KO,39.53638458251953,0,1542153600
PEP,91.81139373779297,0,1542153600
KO,39.52050018310547,0,1542240000
PEP,91.92947387695312,0,1542240000
KO,39.862152099609375,0,1542326400
PEP,93.14942932128906,0,1542326400
KO,40.13227844238281,0,1542585600
PEP,93.66887664794922,0,1542585600
KO,39.23445510864258,0,1542672000
PEP,91.29981231689453,0,1542672000
KO,38.718017578125,0,1542758400
PEP,90.73311614990234,0,1542758400
KO,38.948421478271484,0,1542931200
PEP,90.83544921875,0,1542931200
KO,38.829246520996094,0,1543190400
PEP,91.18960571289062,0,1543190400
KO,39.22651290893555,0,1543276800
PEP,91.64612579345703,0,1543276800
KO,39.49665832519531,0,1543363200
PEP,93.26748657226562,0,1543363200
KO,39.22437286376953,0,1543449600
PEP,93.08646392822266,0,1543449600
KO,40.3615608215332,0,1543536000
PEP,95.97501373291016,0,1543536000
KO,39.792964935302734,0,1543795200
PEP,93.64527130126953,0,1543795200
KO,39.70487976074219,0,1543881600
PEP,92.71654510498047,0,1543881600
KO,39.54470443725586,0,1544054400
PEP,92.6911392211914,0,1544054400
KO,39.312477111816406,0,1544140800
PEP,91.8819580078125,0,1544140800
KO,39.43259048461914,0,1544400000
PEP,92.17549133300781,0,1544400000
KO,39.67283248901367,0,1544486400
PEP,93.04813385009766,0,1544486400
KO,39.41658020019531,0,1544572800
PEP,92.81808471679688,0,1544572800
KO,39.61678695678711,0,1544659200
PEP,93.88907623291016,0,1544659200
KO,39.512672424316406,0,1544745600
PEP,90.3984603881836,0,1544745600
KO,38.7038459777832,0,1545004800
PEP,89.54167938232422,0,1545004800
KO,38.695838928222656,0,1545091200
PEP,88.72455596923828,0,1545091200
KO,38.3594856262207,0,1545177600
PEP,87.2966079711914,0,1545177600
KO,38.07119369506836,0,1545264000
PEP,87.43144226074219,0,1545264000
KO,38.09522247314453,0,1545350400
PEP,86.80473327636719,0,1545350400
KO,36.80589294433594,0,1545609600
PEP,84.11538696289062,0,1545609600
KO,37.59069061279297,0,1545782400
PEP,85.94002532958984,0,1545782400
KO,38.06317138671875,0,1545868800
PEP,86.80473327636719,0,1545868800
KO,37.79890823364258,0,1545955200
PEP,87.55046844482422,0,1545955200
KO,37.919029235839844,0,1546214400
PEP,87.6456527709961,0,1546214400
KO,37.58269119262695,0,1546387200
PEP,86.69365692138672,0,1546387200
KO,37.35045623779297,0,1546473600
PEP,85.88448333740234,0,1546473600
KO,38.09522247314453,0,1546560000
PEP,87.6456527709961,0,1546560000
KO,37.59870529174805,0,1546819200
PEP,86.89200592041016,0,1546819200
KO,38.02314376831055,0,1546905600
PEP,87.7249984741211,0,1546905600
KO,37.294395446777344,0,1546992000
PEP,85.27364349365234,0,1546992000
KO,37.69479751586914,0,1547078400
PEP,85.79720306396484,0,1547078400
KO,37.91102981567383,0,1547164800
PEP,85.80514526367188,0,1547164800
KO,37.75887680053711,0,1547424000
PEP,85.13876342773438,0,1547424000
KO,38.09522247314453,0,1547510400
PEP,86.46358489990234,0,1547510400
KO,37.57468032836914,0,1547596800
PEP,85.94792938232422,0,1547596800
KO,37.686798095703125,0,1547683200
PEP,86.64606475830078,0,1547683200
KO,38.12724685668945,0,1547769600
PEP,87.32039642333984,0,1547769600
KO,38.21533203125,0,1548115200
PEP,87.19346618652344,0,1548115200
KO,38.655792236328125,0,1548201600
PEP,87.84397888183594,0,1548201600
KO,38.19131088256836,0,1548288000
PEP,86.86820220947266,0,1548288000
KO,37.9350471496582,0,1548374400
PEP,86.74918365478516,0,1548374400
KO,37.77488708496094,0,1548633600
PEP,86.3287353515625,0,1548633600
KO,37.95907974243164,0,1548720000
PEP,86.47154998779297,0,1548720000
KO,38.327449798583984,0,1548806400
PEP,87.91539764404297,0,1548806400
KO,38.543670654296875,0,1548892800
PEP,89.38301849365234,0,1548892800
KO,39.00014877319336,0,1548979200
PEP,89.0022201538086,0,1548979200
KO,39.44060516357422,0,1549238400
PEP,89.71620178222656,0,1549238400
KO,39.44860076904297,0,1549324800
PEP,89.56548309326172,0,1549324800
KO,39.44860076904297,0,1549411200
PEP,89.68447875976562,0,1549411200
KO,39.57673263549805,0,1549497600
PEP,89.71620178222656,0,1549497600
KO,39.64080810546875,0,1549584000
PEP,89.66065216064453,0,1549584000
KO,39.7288932800293,0,1549843200
PEP,89.62101745605469,0,1549843200
KO,39.76893997192383,0,1549929600
PEP,90.27152252197266,0,1549929600
KO,39.873046875,0,1550016000
PEP,90.53331756591797,0,1550016000
KO,36.50957489013672,0,1550102400
PEP,89.31954956054688,0,1550102400
KO,36.22929763793945,0,1550188800
PEP,91.95337677001953,0,1550188800
KO,35.90095520019531,0,1550534400
PEP,91.96923828125,0,1550534400
KO,36.117183685302734,0,1550620800
PEP,91.889892578125,0,1550620800
KO,36.72581481933594,0,1550707200
PEP,92.10409545898438,0,1550707200
KO,36.261329650878906,0,1550793600
PEP,92.62767791748047,0,1550793600
KO,35.98904800415039,0,1551052800
PEP,92.07237243652344,0,1551052800
KO,35.788841247558594,0,1551139200
PEP,92.00096130371094,0,1551139200
KO,35.98904800415039,0,1551225600
PEP,91.52497863769531,0,1551225600
KO,36.30937576293945,0,1551312000
PEP,92.4830551147461,0,1551312000
KO,36.34141159057617,0,1551398400
PEP,92.9149398803711,0,1551398400
KO,36.55763626098633,0,1551657600
PEP,92.90692901611328,0,1551657600
KO,36.51759338378906,0,1551744000
PEP,92.79496765136719,0,1551744000
KO,36.39746856689453,0,1551830400
PEP,93.2988052368164,0,1551830400
KO,36.261329650878906,0,1551916800
PEP,92.8509750366211,0,1551916800
KO,35.908966064453125,0,1552003200
PEP,92.15516662597656,0,1552003200
KO,36.9820671081543,0,1552262400
PEP,93.24284362792969,0,1552262400
KO,36.877960205078125,0,1552348800
PEP,93.22682189941406,0,1552348800
KO,37.01411437988281,0,1552435200
PEP,93.23485565185547,0,1552435200
KO,36.91716384887695,0,1552521600
PEP,92.3711166381836,0,1552521600
KO,36.59403991699219,0,1552608000
PEP,92.49907684326172,0,1552608000
KO,36.68289566040039,0,1552867200
PEP,93.78665924072266,0,1552867200
KO,36.804080963134766,0,1552953600
PEP,94.44245147705078,0,1552953600
KO,36.77983093261719,0,1553040000
PEP,94.62640380859375,0,1553040000
KO,36.7636833190918,0,1553126400
PEP,95.52213287353516,0,1553126400
KO,37.102962493896484,0,1553212800
PEP,96.54579162597656,0,1553212800
KO,37.18374252319336,0,1553472000
PEP,96.6497573852539,0,1553472000
KO,37.676509857177734,0,1553558400
PEP,97.58547973632812,0,1553558400
KO,37.65227127075195,0,1553644800
PEP,97.48152160644531,0,1553644800
KO,37.62803649902344,0,1553731200
PEP,97.4415283203125,0,1553731200
KO,37.8542366027832,0,1553817600
PEP,98.00933837890625,0,1553817600
KO,37.74114227294922,0,1554076800
PEP,97.56946563720703,0,1554076800
KO,37.61996078491211,0,1554163200
PEP,97.31356811523438,0,1554163200
KO,37.30491256713867,0,1554249600
PEP,97.21759033203125,0,1554249600
KO,37.54726791381836,0,1554336000
PEP,97.1456069946289,0,1554336000
KO,37.539180755615234,0,1554422400
PEP,97.26555633544922,0,1554422400
KO,37.60380935668945,0,1554681600
PEP,97.56946563720703,0,1554681600
KO,37.70075225830078,0,1554768000
PEP,97.70545959472656,0,1554768000
KO,37.676509857177734,0,1554854400
PEP,97.6014633178711,0,1554854400
KO,37.733055114746094,0,1554940800
PEP,97.30555725097656,0,1554940800
KO,37.757301330566406,0,1555027200
PEP,97.75343322753906,0,1555027200
KO,37.96733093261719,0,1555286400
PEP,98.89706420898438,0,1555286400
KO,37.92693328857422,0,1555372800
PEP,97.8973617553711,0,1555372800
KO,38.193504333496094,0,1555459200
PEP,101.57622528076172,0,1555459200
KO,38.355072021484375,0,1555545600
PEP,101.64019775390625,0,1555545600
KO,38.29045486450195,0,1555891200
PEP,101.1203842163086,0,1555891200
KO,38.944766998291016,0,1555977600
PEP,101.64019775390625,0,1555977600
KO,38.75899124145508,0,1556064000
PEP,101.50425720214844,0,1556064000
KO,38.6458854675293,0,1556150400
PEP,100.8724594116211,0,1556150400
KO,38.985172271728516,0,1556236800
PEP,101.08839416503906,0,1556236800
KO,39.114418029785156,0,1556496000
PEP,101.32030487060547,0,1556496000
KO,39.631431579589844,0,1556582400
PEP,102.4079818725586,0,1556582400
KO,39.25175476074219,0,1556668800
PEP,101.76016235351562,0,1556668800
KO,39.09018325805664,0,1556755200
PEP,101.4322738647461,0,1556755200
KO,39.35676193237305,0,1556841600
PEP,102.1040267944336,0,1556841600
KO,39.15480422973633,0,1557100800
PEP,101.7841567993164,0,1557100800
KO,38.775142669677734,0,1557187200
PEP,100.75247955322266,0,1557187200
KO,38.65396499633789,0,1557273600
PEP,100.78446197509766,0,1557273600
KO,38.29045486450195,0,1557360000
PEP,100.80846405029297,0,1557360000
KO,38.92862319946289,0,1557446400
PEP,102.3759765625,0,1557446400
KO,38.815528869628906,0,1557705600
PEP,101.6961898803711,0,1557705600
KO,39.332542419433594,0,1557792000
PEP,101.8961181640625,0,1557792000
KO,39.728355407714844,0,1557878400
PEP,103.44764709472656,0,1557878400
KO,40.051490783691406,0,1557964800
PEP,104.18341827392578,0,1557964800
KO,39.744510650634766,0,1558051200
PEP,104.37535095214844,0,1558051200
KO,39.46178436279297,0,1558310400
PEP,103.95948791503906,0,1558310400
KO,39.259830474853516,0,1558396800
PEP,103.20771026611328,0,1558396800
KO,40.1080322265625,0,1558483200
PEP,104.0234603881836,0,1558483200
KO,40.26960372924805,0,1558569600
PEP,103.9434814453125,0,1558569600
KO,40.075714111328125,0,1558656000
PEP,103.567626953125,0,1558656000
KO,39.663734436035156,0,1559001600
PEP,102.07205963134766,0,1559001600
KO,39.267906188964844,0,1559088000
PEP,102.50392150878906,0,1559088000
KO,39.78491973876953,0,1559174400
PEP,102.8558349609375,0,1559174400
KO,39.68796920776367,0,1559260800
PEP,102.36798858642578,0,1559260800
KO,40.37461471557617,0,1559520000
PEP,103.1517333984375,0,1559520000
KO,40.39077377319336,0,1559606400
PEP,103.22371673583984,0,1559606400
KO,41.02085876464844,0,1559692800
PEP,105.07913970947266,0,1559692800
KO,41.52171325683594,0,1559779200
PEP,106.32379913330078,0,1559779200
KO,41.59441375732422,0,1559865600
PEP,107.52413177490234,0,1559865600
KO,41.505550384521484,0,1560124800
PEP,107.62081146240234,0,1560124800
KO,41.46516036987305,0,1560211200
PEP,107.306640625,0,1560211200
KO,41.71559524536133,0,1560297600
PEP,107.25830078125,0,1560297600
KO,41.62602996826172,0,1560384000
PEP,107.09716033935547,0,1560384000
KO,41.77257537841797,0,1560470400
PEP,106.927978515625,0,1560470400
KO,41.41436767578125,0,1560729600
PEP,106.7588119506836,0,1560729600
KO,41.22710418701172,0,1560816000
PEP,106.38822174072266,0,1560816000
KO,41.61789321899414,0,1560902400
PEP,107.024658203125,0,1560902400
KO,42.057518005371094,0,1560988800
PEP,108.07999420166016,0,1560988800
KO,41.96796798706055,0,1561075200
PEP,107.91889190673828,0,1561075200
KO,42.269187927246094,0,1561334400
PEP,108.06388092041016,0,1561334400
KO,42.1389274597168,0,1561420800
PEP,107.79803466796875,0,1561420800
KO,41.61789321899414,0,1561507200
PEP,106.59771728515625,0,1561507200
KO,41.585330963134766,0,1561593600
PEP,106.09013366699219,0,1561593600
KO,41.4550666809082,0,1561680000
PEP,105.63902282714844,0,1561680000
KO,42.0086669921875,0,1561939200
PEP,106.23517608642578,0,1561939200
KO,42.31802749633789,0,1562025600
PEP,106.68627166748047,0,1562025600
KO,42.41572952270508,0,1562112000
PEP,107.94304656982422,0,1562112000
KO,42.42387008666992,0,1562284800
PEP,107.16162872314453,0,1562284800
KO,42.33430862426758,0,1562544000
PEP,106.79102325439453,0,1562544000
KO,42.00053024291992,0,1562630400
PEP,106.13043975830078,0,1562630400
KO,42.187782287597656,0,1562716800
PEP,108.28138732910156,0,1562716800
KO,42.366886138916016,0,1562803200
PEP,108.23307037353516,0,1562803200
KO,42.43201446533203,0,1562889600
PEP,107.37105560302734,0,1562889600
KO,42.44015884399414,0,1563148800
PEP,108.07195281982422,0,1563148800
KO,42.44829177856445,0,1563235200
PEP,107.78999328613281,0,1563235200
KO,42.480857849121094,0,1563321600
PEP,106.9682846069336,0,1563321600
KO,42.35873794555664,0,1563408000
PEP,107.04882049560547,0,1563408000
KO,41.83770751953125,0,1563494400
PEP,104.8011703491211,0,1563494400
KO,41.69930648803711,0,1563753600
PEP,104.95426177978516,0,1563753600
KO,44.231231689453125,0,1563840000
PEP,105.32483673095703,0,1563840000
KO,43.783451080322266,0,1563926400
PEP,104.09226989746094,0,1563926400
KO,43.2054328918457,0,1564012800
PEP,103.91502380371094,0,1564012800
KO,44.100955963134766,0,1564099200
PEP,105.7115249633789,0,1564099200
KO,43.95444107055664,0,1564358400
PEP,105.96126556396484,0,1564358400
KO,43.7346076965332,0,1564444800
PEP,105.11537170410156,0,1564444800
KO,42.84722137451172,0,1564531200
PEP,102.96440887451172,0,1564531200
KO,42.35873794555664,0,1564617600
PEP,102.42467498779297,0,1564617600
KO,42.60298538208008,0,1564704000
PEP,103.05304718017578,0,1564704000
KO,42.049373626708984,0,1564963200
PEP,100.21731567382812,0,1564963200
KO,42.55413818359375,0,1565049600
PEP,101.8687973022461,0,1565049600
KO,43.294979095458984,0,1565136000
PEP,102.94024658203125,0,1565136000
KO,43.710174560546875,0,1565222400
PEP,104.30172729492188,0,1565222400
KO,43.49036407470703,0,1565308800
PEP,103.60086059570312,0,1565308800
KO,43.311256408691406,0,1565568000
PEP,103.3994369506836,0,1565568000
KO,43.55549621582031,0,1565654400
PEP,104.67230987548828,0,1565654400
KO,43.14030075073242,0,1565740800
PEP,104.01974487304688,0,1565740800
KO,43.85673141479492,0,1565827200
PEP,105.30870819091797,0,1565827200
KO,44.29636001586914,0,1565913600
PEP,106.14654541015625,0,1565913600
KO,44.524314880371094,0,1566172800
PEP,106.79911041259766,0,1566172800
KO,43.8648796081543,0,1566259200
PEP,106.38822174072266,0,1566259200
KO,44.043975830078125,0,1566345600
PEP,106.61381530761719,0,1566345600
KO,44.361488342285156,0,1566432000
PEP,106.8716049194336,0,1566432000
KO,43.75089645385742,0,1566518400
PEP,104.94621276855469,0,1566518400
KO,44.40219497680664,0,1566777600
PEP,107.74165344238281,0,1566777600
KO,44.548736572265625,0,1566864000
PEP,108.56336212158203,0,1566864000
KO,44.86624526977539,0,1566950400
PEP,108.9098129272461,0,1566950400
KO,44.817386627197266,0,1567036800
PEP,109.57843017578125,0,1567036800
KO,44.80924987792969,0,1567123200
PEP,110.150390625,0,1567123200
KO,45.02092361450195,0,1567468800
PEP,110.7385482788086,0,1567468800
KO,45.40354919433594,0,1567555200
PEP,112.0999984741211,0,1567555200
KO,44.87438201904297,0,1567641600
PEP,110.30325317382812,0,1567641600
KO,44.963932037353516,0,1567728000
PEP,111.43075561523438,0,1567728000
KO,44.38591384887695,0,1567987200
PEP,110.64391326904297,0,1567987200
KO,44.28820037841797,0,1568073600
PEP,110.20588684082031,0,1568073600
KO,44.58944320678711,0,1568160000
PEP,110.61146545410156,0,1568160000
KO,44.86624526977539,0,1568246400
PEP,111.36585235595703,0,1568246400
KO,44.49720764160156,0,1568332800
PEP,110.67639923095703,0,1568332800
KO,44.25119400024414,0,1568592000
PEP,109.41097259521484,0,1568592000
KO,44.480804443359375,0,1568678400
PEP,110.07610321044922,0,1568678400
KO,44.472599029541016,0,1568764800
PEP,109.91387176513672,0,1568764800
KO,44.71042251586914,0,1568851200
PEP,109.89764404296875,0,1568851200
KO,44.21017837524414,0,1568937600
PEP,109.27304077148438,0,1568937600
KO,44.39879608154297,0,1569196800
PEP,109.86518859863281,0,1569196800
KO,44.53001403808594,0,1569283200
PEP,109.8003158569336,0,1569283200
KO,44.42338943481445,0,1569369600
PEP,109.58130645751953,0,1569369600
KO,44.60381317138672,0,1569456000
PEP,110.09232330322266,0,1569456000
KO,44.53821563720703,0,1569542400
PEP,109.99501037597656,0,1569542400
KO,44.64482498168945,0,1569801600
PEP,111.21177673339844,0,1569801600
KO,44.81703186035156,0,1569888000
PEP,111.43075561523438,0,1569888000
KO,43.529518127441406,0,1569974400
PEP,108.6484375,0,1569974400
KO,44.152774810791016,0,1570060800
PEP,111.88504791259766,0,1570060800
KO,44.72682571411133,0,1570147200
PEP,113.79129028320312,0,1570147200
KO,44.17738723754883,0,1570406400
PEP,112.21758270263672,0,1570406400
KO,43.9395637512207,0,1570492800
PEP,111.3252944946289,0,1570492800
KO,44.144569396972656,0,1570579200
PEP,111.82012939453125,0,1570579200
KO,44.005165100097656,0,1570665600
PEP,111.85258483886719,0,1570665600
KO,43.709938049316406,0,1570752000
PEP,111.6497802734375,0,1570752000
KO,43.709938049316406,0,1571011200
PEP,111.49564361572266,0,1571011200
KO,43.88214874267578,0,1571097600
PEP,110.5871353149414,0,1571097600
KO,43.865753173828125,0,1571184000
PEP,110.66011810302734,0,1571184000
KO,44.11177444458008,0,1571270400
PEP,111.09817504882812,0,1571270400
KO,44.92363739013672,0,1571356800
PEP,110.52225494384766,0,1571356800
KO,44.472599029541016,0,1571616000
PEP,110.41679382324219,0,1571616000
KO,44.160972595214844,0,1571702400
PEP,110.8548355102539,0,1571702400
KO,44.808834075927734,0,1571788800
PEP,111.49564361572266,0,1571788800
KO,44.78422927856445,0,1571875200
PEP,111.85258483886719,0,1571875200
KO,44.0789680480957,0,1571961600
PEP,110.83860778808594,0,1571961600
KO,43.93136215209961,0,1572220800
PEP,110.78184509277344,0,1572220800
KO,43.80013656616211,0,1572307200
PEP,110.38434600830078,0,1572307200
KO,44.234779357910156,0,1572393600
PEP,111.04949188232422,0,1572393600
KO,44.63661575317383,0,1572480000
PEP,111.26850891113281,0,1572480000
KO,44.20198059082031,0,1572566400
PEP,111.07386779785156,0,1572566400
KO,43.57872009277344,0,1572825600
PEP,109.6380844116211,0,1572825600
KO,42.98826599121094,0,1572912000
PEP,108.70520782470703,0,1572912000
KO,43.29990768432617,0,1572998400
PEP,109.05403900146484,0,1572998400
KO,42.88165283203125,0,1573084800
PEP,108.14552307128906,0,1573084800
KO,42.8160514831543,0,1573171200
PEP,107.99140167236328,0,1573171200
KO,42.51261901855469,0,1573430400
PEP,107.3911361694336,0,1573430400
KO,42.40601348876953,0,1573516800
PEP,107.05854797363281,0,1573516800
KO,42.98006820678711,0,1573603200
PEP,108.1211929321289,0,1573603200
KO,43.16049575805664,0,1573689600
PEP,108.15362548828125,0,1573689600
KO,43.19328689575195,0,1573776000
PEP,108.54297637939453,0,1573776000
KO,43.48849868774414,0,1574035200
PEP,108.74578857421875,0,1574035200
KO,43.529518127441406,0,1574121600
PEP,109.15948486328125,0,1574121600
KO,43.64432144165039,0,1574208000
PEP,108.48622131347656,0,1574208000
KO,43.43110275268555,0,1574294400
PEP,108.62409973144531,0,1574294400
KO,43.48849868774414,0,1574380800
PEP,108.75389862060547,0,1574380800
KO,43.64432144165039,0,1574640000
PEP,108.5592041015625,0,1574640000
KO,44.20198059082031,0,1574726400
PEP,110.07610321044922,0,1574726400
KO,44.24297332763672,0,1574812800
PEP,110.2464370727539,0,1574812800
KO,44.11906051635742,0,1574985600
PEP,110.18154907226562,0,1574985600
KO,44.40822219848633,0,1575244800
PEP,110.22212219238281,0,1575244800
KO,44.44953155517578,0,1575331200
PEP,109.88142395019531,0,1575331200
KO,44.854366302490234,0,1575417600
PEP,111.37398529052734,0,1575417600
KO,44.77174377441406,0,1575504000
PEP,111.3698959350586,0,1575504000
KO,44.961769104003906,0,1575590400
PEP,112.20307922363281,0,1575590400
KO,44.6726188659668,0,1575849600
PEP,112.03970336914062,0,1575849600
KO,44.424747467041016,0,1575936000
PEP,111.312744140625,0,1575936000
KO,44.573455810546875,0,1576022400
PEP,111.99073791503906,0,1576022400
KO,44.730438232421875,0,1576108800
PEP,112.05606079101562,0,1576108800
KO,44.961769104003906,0,1576195200
PEP,112.67684936523438,0,1576195200
KO,44.961769104003906,0,1576454400
PEP,111.9580078125,0,1576454400
KO,44.961769104003906,0,1576540800
PEP,111.23104858398438,0,1576540800
KO,44.54041290283203,0,1576627200
PEP,111.06767272949219,0,1576627200
KO,44.879154205322266,0,1576713600
PEP,111.4760971069336,0,1576713600
KO,45.416194915771484,0,1576800000
PEP,112.66053009033203,0,1576800000
KO,45.366607666015625,0,1577059200
PEP,111.94170379638672,0,1577059200
KO,45.20138168334961,0,1577145600
PEP,111.81918334960938,0,1577145600
KO,45.45750045776367,0,1577318400
PEP,111.65581512451172,0,1577318400
KO,45.73013687133789,0,1577404800
PEP,112.35013580322266,0,1577404800
KO,45.6640510559082,0,1577664000
PEP,111.7538070678711,0,1577664000
KO,45.73013687133789,0,1577750400
PEP,111.63948822021484,0,1577750400
KO,45.432716369628906,0,1577923200
PEP,110.94513702392578,0,1577923200
KO,45.18486022949219,0,1578009600
PEP,110.7899398803711,0,1578009600
KO,45.1683235168457,0,1578268800
PEP,111.21469116210938,0,1578268800
KO,44.821319580078125,0,1578355200
PEP,109.46661376953125,0,1578355200
KO,44.90393829345703,0,1578441600
PEP,110.03025817871094,0,1578441600
KO,45.72187423706055,0,1578528000
PEP,110.103759765625,0,1578528000
KO,45.87885284423828,0,1578614400
PEP,109.89138793945312,0,1578614400
KO,46.37458038330078,0,1578873600
PEP,111.52508544921875,0,1578873600
KO,46.26716613769531,0,1578960000
PEP,111.78650665283203,0,1578960000
KO,46.84550476074219,0,1579046400
PEP,113.70608520507812,0,1579046400
KO,46.94464874267578,0,1579132800
PEP,114.04102325439453,0,1579132800
KO,47.043800354003906,0,1579219200
PEP,115.3887939453125,0,1579219200
KO,47.23381805419922,0,1579564800
PEP,115.87895202636719,0,1579564800
KO,47.59735107421875,0,1579651200
PEP,117.12057495117188,0,1579651200
KO,47.77912139892578,0,1579737600
PEP,117.3410873413086,0,1579737600
KO,47.655181884765625,0,1579824000
PEP,116.74481964111328,0,1579824000
KO,47.48993682861328,0,1580083200
PEP,116.10765838623047,0,1580083200
KO,47.10162353515625,0,1580169600
PEP,116.35269927978516,0,1580169600
KO,47.10162353515625,0,1580256000
PEP,115.77276611328125,0,1580256000
KO,48.63010787963867,0,1580342400
PEP,117.48815155029297,0,1580342400
KO,48.25004959106445,0,1580428800
PEP,116.00965881347656,0,1580428800
KO,48.398773193359375,0,1580688000
PEP,116.40988159179688,0,1580688000
KO,48.61357498168945,0,1580774400
PEP,116.9898681640625,0,1580774400
KO,48.6218376159668,0,1580860800
PEP,117.87207794189453,0,1580860800
KO,48.73750686645508,0,1580947200
PEP,117.89655303955078,0,1580947200
KO,48.902748107910156,0,1581033600
PEP,118.74607849121094,0,1581033600
KO,49.36542892456055,0,1581292800
PEP,118.98300170898438,0,1581292800
KO,49.23322677612305,0,1581379200
PEP,119.32604217529297,0,1581379200
KO,49.084510803222656,0,1581465600
PEP,119.32604217529297,0,1581465600
KO,49.249755859375,0,1581552000
PEP,119.6446304321289,0,1581552000
KO,49.530662536621094,0,1581638400
PEP,120.06940460205078,0,1581638400
KO,49.18366241455078,0,1581984000
PEP,118.9339599609375,0,1581984000
KO,49.3819465637207,0,1582070400
PEP,118.87676239013672,0,1582070400
KO,49.340641021728516,0,1582156800
PEP,118.5745620727539,0,1582156800
KO,49.67937469482422,0,1582243200
PEP,119.13819122314453,0,1582243200
KO,48.456607818603516,0,1582502400
PEP,116.51606750488281,0,1582502400
KO,47.770851135253906,0,1582588800
PEP,115.25811767578125,0,1582588800
KO,47.589088439941406,0,1582675200
PEP,115.97695922851562,0,1582675200
KO,45.38313293457031,0,1582761600
PEP,111.3944091796875,0,1582761600
KO,44.193416595458984,0,1582848000
PEP,107.84925079345703,0,1582848000
KO,46.201072692871094,0,1583107200
PEP,112.38279724121094,0,1583107200
KO,46.31674575805664,0,1583193600
PEP,110.74910736083984,0,1583193600
KO,48.67966842651367,0,1583280000
PEP,116.3118667602539,0,1583280000
KO,46.87855911254883,0,1583366400
PEP,113.56926727294922,0,1583366400
KO,45.655784606933594,0,1583452800
PEP,112.87847900390625,0,1583452800
KO,42.84669876098633,0,1583712000
PEP,107.03966522216797,0,1583712000
KO,44.333866119384766,0,1583798400
PEP,110.31266021728516,0,1583798400
KO,43.1358757019043,0,1583884800
PEP,106.70245361328125,0,1583884800
KO,38.96356964111328,0,1583971200
PEP,94.85211944580078,0,1583971200
KO,40.397098541259766,0,1584057600
PEP,104.81103515625,0,1584057600
KO,37.721736907958984,0,1584316800
PEP,93.00177764892578,0,1584316800
KO,39.32195281982422,0,1584403200
PEP,105.0330581665039,0,1584403200
KO,37.38002014160156,0,1584489600
PEP,99.44096374511719,0,1584489600
KO,34.86302185058594,0,1584576000
PEP,96.49687194824219,0,1584576000
KO,31.92095184326172,0,1584662400
PEP,85.46891021728516,0,1584662400
KO,31.304203033447266,0,1584921600
PEP,86.49685668945312,0,1584921600
KO,32.87942123413086,0,1585008000
PEP,93.61856842041016,0,1585008000
KO,34.67966842651367,0,1585094400
PEP,92.51659393310547,0,1585094400
KO,36.91328811645508,0,1585180800
PEP,98.898193359375,0,1585180800
KO,35.67979431152344,0,1585267200
PEP,99.06266784667969,0,1585267200
KO,37.505043029785156,0,1585526400
PEP,103.1909408569336,0,1585526400
KO,36.87995910644531,0,1585612800
PEP,98.76659393310547,0,1585612800
KO,35.1047248840332,0,1585699200
PEP,97.13832092285156,0,1585699200
KO,36.62992477416992,0,1585785600
PEP,101.85871124267578,0,1585785600
KO,36.529911041259766,0,1585872000
PEP,102.45904541015625,0,1585872000
KO,38.896881103515625,0,1586131200
PEP,107.86201477050781,0,1586131200
KO,38.7635383605957,0,1586217600
PEP,107.30279541015625,0,1586217600
KO,39.8553581237793,0,1586304000
PEP,109.05445861816406,0,1586304000
KO,40.83881378173828,0,1586390400
PEP,109.89328002929688,0,1586390400
KO,39.11358642578125,0,1586736000
PEP,107.63996887207031,0,1586736000
KO,40.77214813232422,0,1586822400
PEP,113.81600189208984,0,1586822400
KO,39.680328369140625,0,1586908800
PEP,111.04460906982422,0,1586908800
KO,39.25527572631836,0,1586995200
PEP,111.54621887207031,0,1586995200
KO,40.05537796020508,0,1587081600
PEP,113.1169662475586,0,1587081600
KO,38.78021240234375,0,1587340800
PEP,110.64987182617188,0,1587340800
KO,37.82174301147461,0,1587427200
PEP,107.68109130859375,0,1587427200
KO,38.0717887878418,0,1587513600
PEP,109.06269073486328,0,1587513600
KO,37.56338119506836,0,1587600000
PEP,107.12188720703125,0,1587600000
KO,37.86342239379883,0,1587686400
PEP,110.49360656738281,0,1587686400
KO,38.98857116699219,0,1587945600
PEP,110.57585144042969,0,1587945600
KO,38.95524597167969,0,1588032000
PEP,112.10543823242188,0,1588032000
KO,39.271949768066406,0,1588118400
PEP,109.6712417602539,0,1588118400
KO,38.24680709838867,0,1588204800
PEP,108.79129028320312,0,1588204800
KO,38.00510787963867,0,1588291200
PEP,107.023193359375,0,1588291200
KO,37.62172317504883,0,1588550400
PEP,107.66466522216797,0,1588550400
KO,37.838409423828125,0,1588636800
PEP,108.28141021728516,0,1588636800
KO,37.29668045043945,0,1588723200
PEP,107.54949951171875,0,1588723200
KO,37.17165756225586,0,1588809600
PEP,108.1827392578125,0,1588809600
KO,38.43017578125,0,1588896000
PEP,110.38668823242188,0,1588896000
KO,37.95509719848633,0,1589155200
PEP,110.51005554199219,0,1589155200
KO,37.35502243041992,0,1589241600
PEP,109.3258285522461,0,1589241600
KO,36.621585845947266,0,1589328000
PEP,109.34227752685547,0,1589328000
KO,36.42156219482422,0,1589414400
PEP,109.44100189208984,0,1589414400
KO,36.05483627319336,0,1589500800
PEP,111.80116271972656,0,1589500800
KO,37.48004150390625,0,1589760000
PEP,111.44756317138672,0,1589760000
KO,37.121646881103516,0,1589846400
PEP,108.33076477050781,0,1589846400
KO,38.24680709838867,0,1589932800
PEP,107.9442367553711,0,1589932800
KO,37.646724700927734,0,1590019200
PEP,107.08078002929688,0,1590019200
KO,37.53004455566406,0,1590105600
PEP,107.30279541015625,0,1590105600
KO,38.41349792480469,0,1590451200
PEP,106.70245361328125,0,1590451200
KO,38.946903228759766,0,1590537600
PEP,107.57418823242188,0,1590537600
KO,39.24693298339844,0,1590624000
PEP,108.79129028320312,0,1590624000
KO,38.90522766113281,0,1590710400
PEP,108.1827392578125,0,1590710400
KO,39.16359329223633,0,1590969600
PEP,109.3669662475586,0,1590969600
KO,39.08858108520508,0,1591056000
PEP,109.0708999633789,0,1591056000
KO,39.922027587890625,0,1591142400
PEP,109.22718048095703,0,1591142400
KO,39.93869400024414,0,1591228800
PEP,108.21028900146484,0,1591228800
KO,40.9138298034668,0,1591315200
PEP,109.76004791259766,0,1591315200
KO,41.54724884033203,0,1591574400
PEP,109.56944274902344,0,1591574400
KO,40.83881378173828,0,1591660800
PEP,110.19927978515625,0,1591660800
KO,40.52210998535156,0,1591747200
PEP,111.16063690185547,0,1591747200
KO,37.95509719848633,0,1591833600
PEP,105.9477767944336,0,1591833600
KO,38.35037612915039,0,1591920000
PEP,106.90912628173828,0,1591920000
KO,38.93909454345703,0,1592179200
PEP,108.13567352294922,0,1592179200
KO,39.33436965942383,0,1592265600
PEP,109.12190246582031,0,1592265600
KO,39.17457580566406,0,1592352000
PEP,109.19647216796875,0,1592352000
KO,39.519386291503906,0,1592438400
PEP,110.04180908203125,0,1592438400
KO,38.70360565185547,0,1592524800
PEP,108.7986831665039,0,1592524800
KO,38.46812057495117,0,1592784000
PEP,108.60808563232422,0,1592784000
KO,38.38401412963867,0,1592870400
PEP,108.86498260498047,0,1592870400
KO,37.551414489746094,0,1592956800
PEP,107.37324523925781,0,1592956800
KO,37.786895751953125,0,1593043200
PEP,108.90642547607422,0,1593043200
KO,36.64311599731445,0,1593129600
PEP,106.85112762451172,0,1593129600
KO,37.307518005371094,0,1593388800
PEP,108.63294982910156,0,1593388800
KO,37.576637268066406,0,1593475200
PEP,109.61085510253906,0,1593475200
KO,37.69438934326172,0,1593561600
PEP,109.69377899169922,0,1593561600
KO,37.744842529296875,0,1593648000
PEP,110.09983825683594,0,1593648000
KO,38.0391960144043,0,1593993600
PEP,110.47277069091797,0,1593993600
KO,38.02238464355469,0,1594080000
PEP,110.6965560913086,0,1594080000
KO,37.90464401245117,0,1594166400
PEP,111.23521423339844,0,1594166400
KO,36.929054260253906,0,1594252800
PEP,109.98382568359375,0,1594252800
KO,37.97191619873047,0,1594339200
PEP,111.43413543701172,0,1594339200
KO,38.05602264404297,0,1594598400
PEP,111.80708312988281,0,1594598400
KO,38.57744598388672,0,1594684800
PEP,112.31262969970703,0,1594684800
KO,39.023193359375,0,1594771200
PEP,110.7959976196289,0,1594771200
KO,38.81293487548828,0,1594857600
PEP,110.95345306396484,0,1594857600
KO,39.37641906738281,0,1594944000
PEP,111.59986114501953,0,1594944000
KO,38.78770446777344,0,1595203200
PEP,110.31532287597656,0,1595203200
KO,39.69599914550781,0,1595289600
PEP,111.40927124023438,0,1595289600
KO,40.77250671386719,0,1595376000
PEP,112.71868133544922,0,1595376000
KO,40.60429763793945,0,1595462400
PEP,113.60545349121094,0,1595462400
KO,40.780914306640625,0,1595548800
PEP,112.7601318359375,0,1595548800
KO,40.77250671386719,0,1595808000
PEP,114.09439849853516,0,1595808000
KO,40.520198822021484,0,1595894400
PEP,113.85408782958984,0,1595894400
KO,40.3856315612793,0,1595980800
PEP,114.30986022949219,0,1595980800
KO,40.10809326171875,0,1596067200
PEP,114.11099243164062,0,1596067200
KO,39.729652404785156,0,1596153600
PEP,114.08615112304688,0,1596153600
KO,38.93909454345703,0,1596412800
PEP,113.29052734375,0,1596412800
KO,39.267086029052734,0,1596499200
PEP,113.9286880493164,0,1596499200
KO,39.71282958984375,0,1596585600
PEP,112.91757202148438,0,1596585600
KO,39.93149185180664,0,1596672000
PEP,112.59436798095703,0,1596672000
KO,40.20061492919922,0,1596758400
PEP,113.32369232177734,0,1596758400
KO,40.13334274291992,0,1597017600
PEP,112.69380950927734,0,1597017600
KO,40.30995178222656,0,1597104000
PEP,111.98109436035156,0,1597104000
KO,40.73046112060547,0,1597190400
PEP,114.20216369628906,0,1597190400
KO,40.68840789794922,0,1597276800
PEP,114.45079040527344,0,1597276800
KO,40.74728012084961,0,1597363200
PEP,114.00326538085938,0,1597363200
KO,40.54542922973633,0,1597622400
PEP,114.3016128540039,0,1597622400
KO,40.722049713134766,0,1597708800
PEP,114.45907592773438,0,1597708800
KO,39.8389778137207,0,1597795200
PEP,113.08333587646484,0,1597795200
KO,39.82215118408203,0,1597881600
PEP,113.3071060180664,0,1597881600
KO,39.763282775878906,0,1597968000
PEP,113.09163665771484,0,1597968000
KO,40.343589782714844,0,1598227200
PEP,114.06956481933594,0,1598227200
KO,40.293128967285156,0,1598313600
PEP,113.78776550292969,0,1598313600
KO,40.503379821777344,0,1598400000
PEP,114.75743865966797,0,1598400000
KO,40.562252044677734,0,1598486400
PEP,114.69943237304688,0,1598486400
KO,41.90787887573242,0,1598572800
PEP,115.97570037841797,0,1598572800
KO,41.65559005737305,0,1598832000
PEP,116.07515716552734,0,1598832000
KO,41.31075668334961,0,1598918400
PEP,115.35414123535156,0,1598918400
KO,43.051673889160156,0,1599004800
PEP,118.75199890136719,0,1599004800
KO,42.45453643798828,0,1599091200
PEP,116.3338394165039,0,1599091200
KO,42.92551803588867,0,1599177600
PEP,115.8246841430664,0,1599177600
KO,41.89105987548828,0,1599523200
PEP,113.145263671875,0,1599523200
KO,42.21064758300781,0,1599609600
PEP,114.44743347167969,0,1599609600
KO,42.05085372924805,0,1599696000
PEP,112.48583221435547,0,1599696000
KO,42.94232940673828,0,1599782400
PEP,113.3622817993164,0,1599782400
KO,42.993194580078125,0,1600041600
PEP,114.08012390136719,0,1600041600
KO,43.28145217895508,0,1600128000
PEP,113.20365905761719,0,1600128000
KO,43.06101989746094,0,1600214400
PEP,112.66947174072266,0,1600214400
KO,42.857547760009766,0,1600300800
PEP,111.18368530273438,0,1600300800
KO,42.77277374267578,0,1600387200
PEP,109.7396240234375,0,1600387200
KO,41.619720458984375,0,1600646400
PEP,109.54766082763672,0,1600646400
KO,42.10298538208008,0,1600732800
PEP,110.30719757080078,0,1600732800
KO,40.87363815307617,0,1600819200
PEP,109.34732055664062,0,1600819200
KO,41.28907012939453,0,1600905600
PEP,109.83142852783203,0,1600905600
KO,41.30603790283203,0,1600992000
PEP,111.47582244873047,0,1600992000
KO,41.78080749511719,0,1601251200
PEP,115.16525268554688,0,1601251200
KO,41.4755973815918,0,1601337600
PEP,114.48912048339844,0,1601337600
KO,41.85710906982422,0,1601424000
PEP,115.69110107421875,0,1601424000
KO,41.6960334777832,0,1601510400
PEP,117.52749633789062,0,1601510400
KO,41.84864044189453,0,1601596800
PEP,115.2403793334961,0,1601596800
KO,41.86559295654297,0,1601856000
PEP,115.13182830810547,0,1601856000
KO,41.492549896240234,0,1601942400
PEP,113.27043914794922,0,1601942400
KO,42.01820755004883,0,1602028800
PEP,114.36392974853516,0,1602028800
KO,42.78125,0,1602115200
PEP,115.06510162353516,0,1602115200
KO,43.07799530029297,0,1602201600
PEP,115.55754852294922,0,1602201600
KO,43.31537628173828,0,1602460800
PEP,118.63764953613281,0,1602460800
KO,42.5777702331543,0,1602547200
PEP,119.81458282470703,0,1602547200
KO,42.49298095703125,0,1602633600
PEP,118.96321105957031,0,1602633600
KO,42.38276672363281,0,1602720000
PEP,118.05335998535156,0,1602720000
KO,42.41667938232422,0,1602806400
PEP,118.3038101196289,0,1602806400
KO,42.0690803527832,0,1603065600
PEP,116.59262084960938,0,1603065600
KO,42.60319519042969,0,1603152000
PEP,116.61768341064453,0,1603152000
KO,42.38276672363281,0,1603238400
PEP,116.52582550048828,0,1603238400
KO,42.967769622802734,0,1603324800
PEP,116.5341796875,0,1603324800
KO,42.832115173339844,0,1603411200
PEP,116.492431640625,0,1603411200
KO,42.2216682434082,0,1603670400
PEP,115.2403793334961,0,1603670400
KO,42.30646514892578,0,1603756800
PEP,116.12519073486328,0,1603756800
KO,40.66168212890625,0,1603843200
PEP,111.99334716796875,0,1603843200
KO,40.71253967285156,0,1603929600
PEP,111.84309387207031,0,1603929600
KO,40.746463775634766,0,1604016000
PEP,111.25878143310547,0,1604016000
KO,41.22124481201172,0,1604275200
PEP,112.81137084960938,0,1604275200
KO,41.84016418457031,0,1604361600
PEP,114.38897705078125,0,1604361600
KO,41.68754577636719,0,1604448000
PEP,115.07344818115234,0,1604448000
KO,41.916473388671875,0,1604534400
PEP,115.23201751708984,0,1604534400
KO,41.92494583129883,0,1604620800
PEP,115.50751495361328,0,1604620800
KO,44.57015609741211,0,1604880000
PEP,115.56591796875,0,1604880000
KO,45.76558303833008,0,1604966400
PEP,118.2954330444336,0,1604966400
KO,45.42646026611328,0,1605052800
PEP,120.11510467529297,0,1605052800
KO,44.94319152832031,0,1605139200
PEP,120.06501770019531,0,1605139200
KO,45.31624984741211,0,1605225600
PEP,120.79122161865234,0,1605225600
KO,45.655372619628906,0,1605484800
PEP,121.66764831542969,0,1605484800
KO,45.5112419128418,0,1605571200
PEP,121.23361206054688,0,1605571200
KO,44.60405731201172,0,1605657600
PEP,119.6810531616211,0,1605657600
KO,45.04494094848633,0,1605744000
PEP,119.6309585571289,0,1605744000
KO,44.654937744140625,0,1605830400
PEP,119.71444702148438,0,1605830400
KO,44.663421630859375,0,1606089600
PEP,119.38056945800781,0,1606089600
KO,45.12124252319336,0,1606176000
PEP,120.22362518310547,0,1606176000
KO,44.8753776550293,0,1606262400
PEP,120.3321304321289,0,1606262400
KO,44.68037414550781,0,1606435200
PEP,120.69940185546875,0,1606435200
KO,44.090782165527344,0,1606694400
PEP,120.39056396484375,0,1606694400
KO,44.46675491333008,0,1606780800
PEP,121.92642974853516,0,1606780800
KO,44.52655029296875,0,1606867200
PEP,120.71611022949219,0,1606867200
KO,45.099056243896484,0,1606953600
PEP,121.43315887451172,0,1606953600
KO,46.01335144042969,0,1607040000
PEP,122.61009979248047,0,1607040000
KO,45.278499603271484,0,1607299200
PEP,122.20655059814453,0,1607299200
KO,45.440853118896484,0,1607385600
PEP,122.33267211914062,0,1607385600
KO,45.56902313232422,0,1607472000
PEP,122.47557830810547,0,1607472000
KO,45.32978057861328,0,1607558400
PEP,121.61811828613281,0,1607558400
KO,45.58611297607422,0,1607644800
PEP,121.87031555175781,0,1607644800
KO,45.51775360107422,0,1607904000
PEP,121.24823760986328,0,1607904000
KO,46.00480651855469,0,1607990400
PEP,121.70220184326172,0,1607990400
KO,45.338321685791016,0,1608076800
PEP,121.80305480957031,0,1608076800
KO,45.51775360107422,0,1608163200
PEP,122.4924087524414,0,1608163200
KO,45.91935729980469,0,1608249600
PEP,123.51799774169922,0,1608249600
KO,45.12470245361328,0,1608508800
PEP,122.2317886352539,0,1608508800
KO,45.08198165893555,0,1608595200
PEP,121.07169342041016,0,1608595200
KO,45.355403900146484,0,1608681600
PEP,121.39956665039062,0,1608681600
KO,45.66301727294922,0,1608768000
PEP,121.9459457397461,0,1608768000
KO,46.27824401855469,0,1609113600
PEP,123.5011978149414,0,1609113600
KO,46.25260543823242,0,1609200000
PEP,123.929931640625,0,1609200000
KO,46.517494201660156,0,1609286400
PEP,123.83747100830078,0,1609286400
KO,46.859275817871094,0,1609372800
PEP,124.66973114013672,0,1609372800
KO,45.08198165893555,0,1609718400
PEP,121.28187561035156,0,1609718400
KO,44.58638381958008,0,1609804800
PEP,121.64332580566406,0,1609804800
KO,43.16795349121094,0,1609891200
PEP,120.15538024902344,0,1609891200
KO,42.689453125,0,1609977600
PEP,119.76864624023438,0,1609977600
KO,43.64646911621094,0,1610064000
PEP,121.20620727539062,0,1610064000
KO,42.89453125,0,1610323200
PEP,119.44921112060547,0,1610323200
KO,42.8176155090332,0,1610409600
PEP,118.89439392089844,0,1610409600
KO,42.86034393310547,0,1610496000
PEP,119.86955261230469,0,1610496000
KO,42.065677642822266,0,1610582400
PEP,119.1717758178711,0,1610582400
KO,41.612815856933594,0,1610668800
PEP,118.86075592041016,0,1610668800
KO,41.450469970703125,0,1611014400
PEP,119.42400360107422,0,1611014400
KO,41.595726013183594,0,1611100800
PEP,118.81033325195312,0,1611100800
KO,41.82643508911133,0,1611187200
PEP,117.3644027709961,0,1611187200
KO,41.43337631225586,0,1611273600
PEP,116.50691223144531,0,1611273600
KO,41.68117141723633,0,1611532800
PEP,117.84354400634766,0,1611532800
KO,42.11695861816406,0,1611619200
PEP,119.20543670654297,0,1611619200
KO,41.467559814453125,0,1611705600
PEP,116.04454803466797,0,1611705600
KO,41.9973258972168,0,1611792000
PEP,117.01129150390625,0,1611792000
KO,41.14285659790039,0,1611878400
PEP,114.80877685546875,0,1611878400
KO,41.42483139038086,0,1612137600
PEP,115.15345764160156,0,1612137600
KO,41.83498001098633,0,1612224000
PEP,116.33038330078125,0,1612224000
KO,41.67262649536133,0,1612310400
PEP,116.02771759033203,0,1612310400
KO,41.8776969909668,0,1612396800
PEP,117.4232406616211,0,1612396800
KO,42.4245719909668,0,1612483200
PEP,118.49927520751953,0,1612483200
KO,42.655269622802734,0,1612742400
PEP,118.02848815917969,0,1612742400
KO,42.467281341552734,0,1612828800
PEP,117.35597229003906,0,1612828800
KO,42.381839752197266,0,1612915200
PEP,115.75872802734375,0,1612915200
KO,42.9799690246582,0,1613001600
PEP,113.46372985839844,0,1613001600
KO,43.31321334838867,0,1613088000
PEP,112.53900146484375,0,1613088000
KO,42.95433807373047,0,1613433600
PEP,112.96772766113281,0,1613433600
KO,42.83470916748047,0,1613520000
PEP,113.03499603271484,0,1613520000
KO,43.38157272338867,0,1613606400
PEP,113.79997253417969,0,1613606400
KO,42.8176155090332,0,1613692800
PEP,111.39571380615234,0,1613692800
KO,43.26194763183594,0,1613952000
PEP,110.95855712890625,0,1613952000
KO,43.18504333496094,0,1614038400
PEP,111.62269592285156,0,1614038400
KO,43.33030319213867,0,1614124800
PEP,111.04261016845703,0,1614124800
KO,42.868892669677734,0,1614211200
PEP,109.28565216064453,0,1614211200
KO,41.86061096191406,0,1614297600
PEP,108.60472869873047,0,1614297600
KO,42.638187408447266,0,1614556800
PEP,109.80686950683594,0,1614556800
KO,42.809078216552734,0,1614643200
PEP,110.18518829345703,0,1614643200
KO,42.70654296875,0,1614729600
PEP,108.56268310546875,0,1614729600
KO,42.672367095947266,0,1614816000
PEP,109.16687774658203,0,1614816000
KO,43.39866256713867,0,1614902400
PEP,112.72583770751953,0,1614902400
KO,44.124969482421875,0,1615161600
PEP,111.96318054199219,0,1615161600
KO,43.45846939086914,0,1615248000
PEP,112.06487274169922,0,1615248000
KO,43.95406723022461,0,1615334400
PEP,113.19187927246094,0,1615334400
KO,43.4755744934082,0,1615420800
PEP,112.88683319091797,0,1615420800
KO,43.3894157409668,0,1615507200
PEP,112.7342758178711,0,1615507200
KO,43.966670989990234,0,1615766400
PEP,112.72583770751953,0,1615766400
KO,44.13037109375,0,1615852800
PEP,113.55622863769531,0,1615852800
KO,44.147605895996094,0,1615939200
PEP,113.22576141357422,0,1615939200
KO,43.57034683227539,0,1616025600
PEP,112.30213165283203,0,1616025600
KO,43.777130126953125,0,1616112000
PEP,113.9714584350586,0,1616112000
KO,43.940818786621094,0,1616371200
PEP,116.76778411865234,0,1616371200
KO,44.2768440246582,0,1616457600
PEP,118.17442321777344,0,1616457600
KO,44.38884735107422,0,1616544000
PEP,117.6236343383789,0,1616544000
KO,44.81964111328125,0,1616630400
PEP,118.31847381591797,0,1616630400
KO,45.69845199584961,0,1616716800
PEP,120.91992950439453,0,1616716800
KO,46.396339416503906,0,1616976000
PEP,122.70787811279297,0,1616976000
KO,45.79323196411133,0,1617062400
PEP,120.7843246459961,0,1617062400
KO,45.41413497924805,0,1617148800
PEP,119.86065673828125,0,1617148800
KO,45.24180603027344,0,1617235200
PEP,119.7166519165039,0,1617235200
KO,45.50029373168945,0,1617580800
PEP,121.30972290039062,0,1617580800
KO,45.827693939208984,0,1617667200
PEP,121.74185943603516,0,1617667200
KO,45.905235290527344,0,1617753600
PEP,121.52151489257812,0,1617753600
KO,45.76738739013672,0,1617840000
PEP,120.7843246459961,0,1617840000
KO,45.81907653808594,0,1617926400
PEP,120.80976104736328,0,1617926400
KO,45.965545654296875,0,1618185600
PEP,121.19108581542969,0,1618185600
KO,45.74153137207031,0,1618272000
PEP,121.21649169921875,0,1618272000
KO,45.732913970947266,0,1618358400
PEP,120.41993713378906,0,1618358400
KO,45.94831466674805,0,1618444800
PEP,120.58941650390625,0,1618444800
KO,46.2498664855957,0,1618531200
PEP,122.15705871582031,0,1618531200
KO,46.52558517456055,0,1618790400
PEP,122.6570053100586,0,1618790400
KO,46.67204666137695,0,1618876800
PEP,123.47048950195312,0,1618876800
KO,47.05113983154297,0,1618963200
PEP,124.54666137695312,0,1618963200
KO,46.9046745300293,0,1619049600
PEP,123.77556610107422,0,1619049600
KO,46.930519104003906,0,1619136000
PEP,123.57215881347656,0,1619136000
KO,46.232643127441406,0,1619395200
PEP,121.47915649414062,0,1619395200
KO,46.163719177246094,0,1619481600
PEP,121.08088684082031,0,1619481600
KO,46.172332763671875,0,1619568000
PEP,120.18270874023438,0,1619568000
KO,46.74958801269531,0,1619654400
PEP,121.97064971923828,0,1619654400
KO,46.50834274291992,0,1619740800
PEP,122.15705871582031,0,1619740800
KO,46.93914031982422,0,1620000000
PEP,123.53828430175781,0,1620000000
KO,46.64619445800781,0,1620086400
PEP,121.98759460449219,0,1620086400
KO,46.52558517456055,0,1620172800
PEP,121.92829132080078,0,1620172800
KO,46.990840911865234,0,1620259200
PEP,123.34337615966797,0,1620259200
KO,46.96498489379883,0,1620345600
PEP,123.34337615966797,0,1620345600
KO,47.30961990356445,0,1620604800
PEP,124.32635498046875,0,1620604800
KO,46.80127716064453,0,1620691200
PEP,123.41964721679688,0,1620691200
KO,46.560035705566406,0,1620777600
PEP,122.21636962890625,0,1620777600
KO,46.96498489379883,0,1620864000
PEP,124.0297622680664,0,1620864000
KO,47.154537200927734,0,1620950400
PEP,124.21617126464844,0,1620950400
KO,47.07698440551758,0,1621209600
PEP,123.86026763916016,0,1621209600
KO,46.81850814819336,0,1621296000
PEP,123.30101776123047,0,1621296000
KO,46.67204666137695,0,1621382400
PEP,123.2332534790039,0,1621382400
KO,47.085601806640625,0,1621468800
PEP,124.75849151611328,0,1621468800
KO,47.05976486206055,0,1621555200
PEP,124.64836120605469,0,1621555200
KO,47.214839935302734,0,1621814400
PEP,125.28386688232422,0,1621814400
KO,47.20624923706055,0,1621900800
PEP,125.66519927978516,0,1621900800
KO,47.41300964355469,0,1621987200
PEP,125.66519927978516,0,1621987200
KO,47.8093376159668,0,1622073600
PEP,124.14837646484375,0,1622073600
KO,47.63702392578125,0,1622160000
PEP,125.36009979248047,0,1622160000
KO,47.62841033935547,0,1622505600
PEP,125.09742736816406,0,1622505600
KO,47.81795120239258,0,1622592000
PEP,125.59740447998047,0,1622592000
KO,47.93857192993164,0,1622678400
PEP,126.04552459716797,0,1622678400
KO,48.455528259277344,0,1622764800
PEP,126.19063568115234,0,1622764800
KO,48.2832145690918,0,1623024000
PEP,126.11382293701172,0,1623024000
KO,47.94718551635742,0,1623110400
PEP,124.9358901977539,0,1623110400
KO,47.800716400146484,0,1623196800
PEP,124.70545959472656,0,1623196800
KO,48.17120361328125,0,1623283200
PEP,125.98575592041016,0,1623283200
KO,48.3865966796875,0,1623369600
PEP,126.06258392333984,0,1623369600
KO,48.22166442871094,0,1623628800
PEP,126.81372833251953,0,1623628800
KO,48.100135803222656,0,1623715200
PEP,126.82225036621094,0,1623715200
KO,47.457759857177734,0,1623801600
PEP,125.55902862548828,0,1623801600
KO,47.7008171081543,0,1623888000
PEP,126.77104187011719,0,1623888000
KO,46.676490783691406,0,1623974400
PEP,124.12498474121094,0,1623974400
KO,47.188655853271484,0,1624233600
PEP,125.09809112548828,0,1624233600
KO,47.362274169921875,0,1624320000
PEP,125.28585052490234,0,1624320000
KO,46.98031997680664,0,1624406400
PEP,123.63848876953125,0,1624406400
KO,47.21469497680664,0,1624492800
PEP,124.33838653564453,0,1624492800
KO,47.153926849365234,0,1624579200
PEP,124.97006225585938,0,1624579200
KO,47.101844787597656,0,1624838400
PEP,125.50775909423828,0,1624838400
KO,46.754615783691406,0,1624924800
PEP,125.42240905761719,0,1624924800
KO,46.97163009643555,0,1625011200
PEP,126.47228240966797,0,1625011200
KO,46.8414192199707,0,1625097600
PEP,126.49787139892578,0,1625097600
KO,47.03240203857422,0,1625184000
PEP,127.10394287109375,0,1625184000
KO,46.771968841552734,0,1625529600
PEP,127.29170227050781,0,1625529600
KO,47.153926849365234,0,1625616000
PEP,127.85507202148438,0,1625616000
KO,46.98899459838867,0,1625702400
PEP,127.91482543945312,0,1625702400
KO,47.27545928955078,0,1625788800
PEP,127.59048461914062,0,1625788800
KO,47.29282760620117,0,1626048000
PEP,127.61607360839844,0,1626048000
KO,47.76158905029297,0,1626134400
PEP,130.56085205078125,0,1626134400
KO,48.83799362182617,0,1626220800
PEP,131.9094696044922,0,1626220800
KO,48.994258880615234,0,1626307200
PEP,132.51551818847656,0,1626307200
KO,48.959529876708984,0,1626393600
PEP,133.00205993652344,0,1626393600
KO,48.3779182434082,0,1626652800
PEP,132.98497009277344,0,1626652800
KO,48.46474075317383,0,1626739200
PEP,133.00205993652344,0,1626739200
KO,49.089744567871094,0,1626825600
PEP,132.5069580078125,0,1626825600
KO,49.02029800415039,0,1626912000
PEP,132.4642791748047,0,1626912000
KO,49.48905944824219,0,1626998400
PEP,134.16287231445312,0,1626998400
KO,49.532466888427734,0,1627257600
PEP,134.06900024414062,0,1627257600
KO,49.70608139038086,0,1627344000
PEP,134.81161499023438,0,1627344000
KO,49.25468063354492,0,1627430400
PEP,133.5739288330078,0,1627430400
KO,49.523780822753906,0,1627516800
PEP,133.8470916748047,0,1627516800
KO,49.50642013549805,0,1627603200
PEP,133.96658325195312,0,1627603200
KO,49.37620544433594,0,1627862400
PEP,133.4288330078125,0,1627862400
KO,49.41093063354492,0,1627948800
PEP,133.72755432128906,0,1627948800
KO,48.69910430908203,0,1628035200
PEP,131.49122619628906,0,1628035200
KO,49.04633331298828,0,1628121600
PEP,131.71316528320312,0,1628121600
KO,49.16786575317383,0,1628208000
PEP,131.73028564453125,0,1628208000
KO,49.17655944824219,0,1628467200
PEP,131.747314453125,0,1628467200
KO,49.3067626953125,0,1628553600
PEP,131.8155975341797,0,1628553600
KO,49.24599075317383,0,1628640000
PEP,132.3362579345703,0,1628640000
KO,49.34148406982422,0,1628726400
PEP,132.3618927001953,0,1628726400
KO,49.68004608154297,0,1628812800
PEP,133.59957885742188,0,1628812800
KO,49.89704895019531,0,1629072000
PEP,134.90550231933594,0,1629072000
KO,49.72343444824219,0,1629158400
PEP,134.77743530273438,0,1629158400
KO,49.04633331298828,0,1629244800
PEP,133.3946990966797,0,1629244800
KO,49.35884475708008,0,1629331200
PEP,135.63955688476562,0,1629331200
KO,49.16786575317383,0,1629417600
PEP,135.1615447998047,0,1629417600
KO,48.994258880615234,0,1629676800
PEP,134.7347869873047,0,1629676800
KO,48.6209831237793,0,1629763200
PEP,133.06182861328125,0,1629763200
KO,48.67306900024414,0,1629849600
PEP,132.47283935546875,0,1629849600
KO,48.21298599243164,0,1629936000
PEP,131.98631286621094,0,1629936000
KO,48.308467864990234,0,1630022400
PEP,132.25091552734375,0,1630022400
KO,48.7685546875,0,1630281600
PEP,133.15567016601562,0,1630281600
KO,48.88140869140625,0,1630368000
PEP,133.4886016845703,0,1630368000
KO,49.211265563964844,0,1630454400
PEP,134.7860107421875,0,1630454400
KO,49.280723571777344,0,1630540800
PEP,134.88482666015625,0,1630540800
KO,49.24599075317383,0,1630627200
PEP,135.00514221191406,0,1630627200
KO,48.32583236694336,0,1630972800
PEP,132.80503845214844,0,1630972800
KO,48.97689437866211,0,1631059200
PEP,134.68714904785156,0,1631059200
KO,48.49076843261719,0,1631145600
PEP,133.83631896972656,0,1631145600
KO,48.27375793457031,0,1631232000
PEP,133.60427856445312,0,1631232000
KO,48.67306900024414,0,1631491200
PEP,133.86215209960938,0,1631491200
KO,48.70805358886719,0,1631577600
PEP,133.337890625,0,1631577600
KO,48.87422561645508,0,1631664000
PEP,134.0855712890625,0,1631664000
KO,48.410675048828125,0,1631750400
PEP,133.69024658203125,0,1631750400
KO,47.614768981933594,0,1631836800
PEP,132.4613037109375,0,1631836800
KO,47.282405853271484,0,1632096000
PEP,132.014404296875,0,1632096000
KO,47.27366256713867,0,1632182400
PEP,131.9542236328125,0,1632182400
KO,47.3436279296875,0,1632268800
PEP,132.35816955566406,0,1632268800
KO,47.26490783691406,0,1632355200
PEP,132.4613037109375,0,1632355200
KO,47.13372039794922,0,1632441600
PEP,132.52146911621094,0,1632441600
KO,46.88882064819336,0,1632700800
PEP,131.24949645996094,0,1632700800
KO,46.04043197631836,0,1632787200
PEP,129.8142852783203,0,1632787200
KO,46.320308685302734,0,1632873600
PEP,130.88853454589844,0,1632873600
KO,45.89173889160156,0,1632960000
PEP,129.2642822265625,0,1632960000
KO,46.3727912902832,0,1633046400
PEP,129.72830200195312,0,1633046400
KO,46.346561431884766,0,1633305600
PEP,129.0837860107422,0,1633305600
KO,46.42527389526367,0,1633392000
PEP,129.84869384765625,0,1633392000
KO,46.976287841796875,0,1633478400
PEP,133.17462158203125,0,1633478400
KO,47.124969482421875,0,1633564800
PEP,134.40354919433594,0,1633564800
KO,47.33489227294922,0,1633651200
PEP,134.09417724609375,0,1633651200
KO,47.431095123291016,0,1633910400
PEP,134.27464294433594,0,1633910400
KO,47.431095123291016,0,1633996800
PEP,134.8675994873047,0,1633996800
KO,47.43984603881836,0,1634083200
PEP,135.77862548828125,0,1634083200
KO,47.763450622558594,0,1634169600
PEP,136.8701171875,0,1634169600
KO,47.64975357055664,0,1634256000
PEP,136.48333740234375,0,1634256000
KO,47.17744445800781,0,1634515200
PEP,135.8645477294922,0,1634515200
KO,47.36112976074219,0,1634601600
PEP,137.59197998046875,0,1634601600
KO,47.78094482421875,0,1634688000
PEP,138.63186645507812,0,1634688000
KO,47.53605651855469,0,1634774400
PEP,136.80130004882812,0,1634774400
KO,47.62351989746094,0,1634860800
PEP,137.48025512695312,0,1634860800
KO,47.431095123291016,0,1635120000
PEP,136.83572387695312,0,1635120000
KO,47.64100646972656,0,1635206400
PEP,138.51156616210938,0,1635206400
KO,48.55936813354492,0,1635292800
PEP,138.03028869628906,0,1635292800
KO,49.01417541503906,0,1635379200
PEP,138.8982391357422,0,1635379200
KO,49.30279541015625,0,1635465600
PEP,138.88107299804688,0,1635465600
KO,49.12786865234375,0,1635724800
PEP,138.58889770507812,0,1635724800
KO,49.066646575927734,0,1635811200
PEP,139.86082458496094,0,1635811200
KO,49.23283004760742,0,1635897600
PEP,141.20152282714844,0,1635897600
KO,49.503963470458984,0,1635984000
PEP,141.21009826660156,0,1635984000
KO,49.7138671875,0,1636070400
PEP,142.66250610351562,0,1636070400
KO,49.2678108215332,0,1636329600
PEP,139.5944366455078,0,1636329600
KO,49.40775680541992,0,1636416000
PEP,140.52256774902344,0,1636416000
KO,49.608917236328125,0,1636502400
PEP,140.97805786132812,0,1636502400
KO,49.62641906738281,0,1636588800
PEP,139.81785583496094,0,1636588800
KO,49.51271438598633,0,1636675200
PEP,139.78346252441406,0,1636675200
KO,49.521461486816406,0,1636934400
PEP,140.7718048095703,0,1636934400
KO,49.17160415649414,0,1637020800
PEP,140.35069274902344,0,1637020800
KO,48.900474548339844,0,1637107200
PEP,140.40223693847656,0,1637107200
KO,48.463157653808594,0,1637193600
PEP,140.44522094726562,0,1637193600
KO,48.218257904052734,0,1637280000
PEP,140.78038024902344,0,1637280000
KO,48.5156364440918,0,1637539200
PEP,141.0726318359375,0,1637539200
KO,48.87422561645508,0,1637625600
PEP,142.0179443359375,0,1637625600
KO,48.480655670166016,0,1637712000
PEP,140.72023010253906,0,1637712000
KO,46.9937744140625,0,1637884800
PEP,138.48577880859375,0,1637884800
KO,47.73720932006836,0,1638144000
PEP,141.06396484375,0,1638144000
KO,46.22999954223633,0,1638230400
PEP,137.31695556640625,0,1638230400
KO,46.09779357910156,0,1638316800
PEP,137.6435546875,0,1638316800
KO,46.77647399902344,0,1638403200
PEP,138.9716339111328,0,1638403200
KO,47.19074249267578,0,1638489600
PEP,142.51039123535156,0,1638489600
KO,48.39827346801758,0,1638748800
PEP,143.98992919921875,0,1638748800
KO,48.66270065307617,0,1638835200
PEP,143.82550048828125,0,1638835200
KO,48.47760772705078,0,1638921600
PEP,144.0764617919922,0,1638921600
KO,48.35419464111328,0,1639008000
PEP,143.894775390625,0,1639008000
KO,49.60580825805664,0,1639094400
PEP,146.1962432861328,0,1639094400
KO,50.91029357910156,0,1639353600
PEP,146.9230499267578,0,1639353600
KO,50.945552825927734,0,1639440000
PEP,146.55963134765625,0,1639440000
KO,51.174720764160156,0,1639526400
PEP,148.44578552246094,0,1639526400
KO,51.694740295410156,0,1639612800
PEP,148.662109375,0,1639612800
KO,50.88384246826172,0,1639699200
PEP,145.61654663085938,0,1639699200
KO,50.71638107299805,0,1639958400
PEP,146.58555603027344,0,1639958400
KO,50.91910171508789,0,1640044800
PEP,146.15296936035156,0,1640044800
KO,51.280487060546875,0,1640131200
PEP,147.06149291992188,0,1640131200
KO,51.31574249267578,0,1640217600
PEP,146.89707946777344,0,1640217600
KO,51.694740295410156,0,1640563200
PEP,148.35928344726562,0,1640563200
KO,51.8974723815918,0,1640649600
PEP,149.1293487548828,0,1640649600
KO,51.95916748046875,0,1640736000
PEP,149.65713500976562,0,1640736000
KO,51.809326171875,0,1640822400
PEP,149.39755249023438,0,1640822400
KO,52.18833923339844,0,1640908800
PEP,150.29737854003906,0,1640908800
KO,52.267669677734375,0,1641168000
PEP,149.66574096679688,0,1641168000
KO,53.1402587890625,0,1641254400
PEP,149.8820343017578,0,1641254400
KO,53.580970764160156,0,1641340800
PEP,150.39254760742188,0,1641340800
KO,53.29891586303711,0,1641427200
PEP,150.4272003173828,0,1641427200
KO,53.1755256652832,0,1641513600
PEP,150.61752319335938,0,1641513600
KO,53.26366424560547,0,1641772800
PEP,150.69540405273438,0,1641772800
KO,53.281288146972656,0,1641859200
PEP,150.6261749267578,0,1641859200
KO,53.36061096191406,0,1641945600
PEP,150.4617462158203,0,1641945600
KO,53.677921295166016,0,1642032000
PEP,150.70404052734375,0,1642032000
KO,54.10981750488281,0,1642118400
PEP,151.9672393798828,0,1642118400
KO,53.677921295166016,0,1642464000
PEP,150.51370239257812,0,1642464000
KO,53.766056060791016,0,1642550400
PEP,151.59521484375,0,1642550400
KO,53.545711517333984,0,1642636800
PEP,150.4964141845703,0,1642636800
KO,53.281288146972656,0,1642723200
PEP,150.73866271972656,0,1642723200
KO,52.849388122558594,0,1642982400
PEP,149.9686279296875,0,1642982400
KO,52.726009368896484,0,1643068800
PEP,148.246826171875,0,1643068800
KO,52.532081604003906,0,1643155200
PEP,146.68077087402344,0,1643155200
KO,52.5761604309082,0,1643241600
PEP,146.54232788085938,0,1643241600
KO,53.62503433227539,0,1643328000
PEP,149.39755249023438,0,1643328000
KO,53.774879455566406,0,1643587200
PEP,150.1330108642578,0,1643587200
KO,53.37825012207031,0,1643673600
PEP,149.1120147705078,0,1643673600
KO,53.924720764160156,0,1643760000
PEP,151.8201446533203,0,1643760000
KO,54.30372619628906,0,1643846400
PEP,151.733642578125,0,1643846400
KO,53.730804443359375,0,1643932800
PEP,149.2418212890625,0,1643932800
KO,54.29491424560547,0,1644192000
PEP,148.6534881591797,0,1644192000
KO,54.64748001098633,0,1644278400
PEP,148.83517456054688,0,1644278400
KO,53.80131912231445,0,1644364800
PEP,148.7659454345703,0,1644364800
KO,54.10100173950195,0,1644451200
PEP,145.67710876464844,0,1644451200
KO,53.1402587890625,0,1644537600
PEP,145.85879516601562,0,1644537600
KO,53.4840202331543,0,1644796800
PEP,144.23216247558594,0,1644796800
KO,53.68674850463867,0,1644883200
PEP,143.59194946289062,0,1644883200
KO,53.677921295166016,0,1644969600
PEP,143.88613891601562,0,1644969600
KO,54.75324630737305,0,1645056000
PEP,144.2754364013672,0,1645056000
KO,55.123443603515625,0,1645142400
PEP,145.10610961914062,0,1645142400
KO,54.89426803588867,0,1645488000
PEP,145.6597900390625,0,1645488000
KO,54.28609848022461,0,1645574400
PEP,144.2235107421875,0,1645574400
KO,53.334171295166016,0,1645660800
PEP,141.71441650390625,0,1645660800
KO,55.39667510986328,0,1645747200
PEP,145.6857452392578,0,1645747200
KO,54.859012603759766,0,1646006400
PEP,141.67117309570312,0,1646006400
KO,54.62103271484375,0,1646092800
PEP,140.39927673339844,0,1646092800
KO,55.0264778137207,0,1646179200
PEP,142.34603881835938,0,1646179200
KO,55.061737060546875,0,1646265600
PEP,142.19363403320312,0,1646265600
KO,55.149871826171875,0,1646352000
PEP,144.35345458984375,0,1646352000
KO,53.836585998535156,0,1646611200
PEP,141.47946166992188,0,1646611200
KO,51.70356750488281,0,1646697600
PEP,137.49070739746094,0,1646697600
KO,51.967987060546875,0,1646784000
PEP,137.08135986328125,0,1646784000
KO,51.01605987548828,0,1646870400
PEP,134.564453125,0,1646870400
KO,51.05131530761719,0,1646956800
PEP,133.88510131835938,0,1646956800
KO,51.99276351928711,0,1647216000
PEP,135.7663116455078,0,1647216000
KO,52.95197677612305,0,1647302400
PEP,138.47483825683594,0,1647302400
KO,52.809871673583984,0,1647388800
PEP,139.0844268798828,0,1647388800
KO,53.369407653808594,0,1647475200
PEP,140.1643829345703,0,1647475200
KO,53.3782958984375,0,1647561600
PEP,141.7755584716797,0,1647561600
KO,53.80460739135742,0,1647820800
PEP,141.57525634765625,0,1647820800
KO,53.999996185302734,0,1647907200
PEP,143.1254425048828,0,1647907200
KO,53.644737243652344,0,1647993600
PEP,142.37646484375,0,1647993600
KO,54.159873962402344,0,1648080000
PEP,143.2387237548828,0,1648080000
KO,54.648353576660156,0,1648166400
PEP,143.90928649902344,0,1648166400
KO,54.99473190307617,0,1648425600
PEP,144.33604431152344,0,1648425600
KO,55.2078971862793,0,1648512000
PEP,146.4784698486328,0,1648512000
KO,55.25230407714844,0,1648598400
PEP,146.27818298339844,0,1648598400
KO,55.0657958984375,0,1648684800
PEP,145.77305603027344,0,1648684800
KO,55.8384895324707,0,1648771200
PEP,147.84580993652344,0,1648771200
KO,55.54540252685547,0,1649030400
PEP,147.46263122558594,0,1649030400
KO,55.48322296142578,0,1649116800
PEP,147.619384765625,0,1649116800
KO,56.04277038574219,0,1649203200
PEP,150.13629150390625,0,1649203200
KO,56.34474182128906,0,1649289600
PEP,150.275634765625,0,1649289600
KO,56.691123962402344,0,1649376000
PEP,150.78077697753906,0,1649376000
KO,56.673362731933594,0,1649635200
PEP,150.31919860839844,0,1649635200
KO,57.3394660949707,0,1649721600
PEP,150.92880249023438,0,1649721600
KO,57.49046325683594,0,1649808000
PEP,150.6675567626953,0,1649808000
KO,57.74802780151367,0,1649894400
PEP,149.70956420898438,0,1649894400
KO,57.2328987121582,0,1650240000
PEP,148.4206085205078,0,1650240000
KO,57.79243850708008,0,1650326400
PEP,150.58050537109375,0,1650326400
KO,58.582889556884766,0,1650412800
PEP,152.8186798095703,0,1650412800
KO,58.8049430847168,0,1650499200
PEP,152.27001953125,0,1650499200
KO,57.952301025390625,0,1650585600
PEP,149.92730712890625,0,1650585600
KO,58.565128326416016,0,1650844800
PEP,151.3120574951172,0,1650844800
KO,57.7746696472168,0,1650931200
PEP,150.92880249023438,0,1650931200
KO,58.227638244628906,0,1651017600
PEP,152.27874755859375,0,1651017600
KO,58.78717803955078,0,1651104000
PEP,154.586669921875,0,1651104000
KO,57.38388442993164,0,1651190400
PEP,149.54409790039062,0,1651190400
KO,56.34474182128906,0,1651449600
PEP,146.10397338867188,0,1651449600
KO,56.025001525878906,0,1651536000
PEP,146.30430603027344,0,1651536000
KO,57.756919860839844,0,1651622400
PEP,151.4165496826172,0,1651622400
KO,57.29507064819336,0,1651708800
PEP,148.3944549560547,0,1651708800
KO,57.49934005737305,0,1651795200
PEP,148.4119110107422,0,1651795200
KO,57.38388442993164,0,1652054400
PEP,149.53538513183594,0,1652054400
KO,56.85099411010742,0,1652140800
PEP,149.3524932861328,0,1652140800
KO,57.117431640625,0,1652227200
PEP,148.62965393066406,0,1652227200
KO,57.29507064819336,0,1652313600
PEP,148.4031982421875,0,1652313600
KO,58.3697395324707,0,1652400000
PEP,151.29461669921875,0,1652400000
KO,58.582889556884766,0,1652659200
PEP,152.8186798095703,0,1652659200
KO,58.423030853271484,0,1652745600
PEP,151.93910217285156,0,1652745600
KO,54.355262756347656,0,1652832000
PEP,142.52455139160156,0,1652832000
KO,53.28948211669922,0,1652918400
PEP,140.39083862304688,0,1652918400
KO,54.159873962402344,0,1653004800
PEP,141.27041625976562,0,1653004800
KO,55.82960510253906,0,1653264000
PEP,144.2228546142578,0,1653264000
KO,56.8598747253418,0,1653350400
PEP,146.15625,0,1653350400
KO,56.90427780151367,0,1653436800
PEP,147.1577911376953,0,1653436800
KO,57.108558654785156,0,1653523200
PEP,148.15060424804688,0,1653523200
KO,57.44606018066406,0,1653609600
PEP,149.59634399414062,0,1653609600
KO,56.29145050048828,0,1653955200
PEP,146.0952606201172,0,1653955200
KO,56.01612854003906,0,1654041600
PEP,144.9979248046875,0,1654041600
KO,56.60230255126953,0,1654128000
PEP,146.17308044433594,0,1654128000
KO,55.92730712890625,0,1654214400
PEP,144.5682373046875,0,1654214400
KO,55.8384895324707,0,1654473600
PEP,145.17332458496094,0,1654473600
KO,56.17599105834961,0,1654560000
PEP,146.06784057617188,0,1654560000
KO,55.85625457763672,0,1654646400
PEP,145.33998107910156,0,1654646400
KO,54.88815689086914,0,1654732800
PEP,142.75289916992188,0,1654732800
KO,54.541778564453125,0,1654819200
PEP,142.52488708496094,0,1654819200
KO,54.47960662841797,0,1655078400
PEP,140.08689880371094,0,1655078400
KO,52.98566818237305,0,1655164800
PEP,136.91229248046875,0,1655164800
KO,53.37928009033203,0,1655251200
PEP,138.3768310546875,0,1655251200
KO,52.842533111572266,0,1655337600
PEP,137.7103271484375,0,1655337600
KO,53.164581298828125,0,1655424000
PEP,137.7366485595703,0,1655424000
KO,54.30069351196289,0,1655769600
PEP,140.93760681152344,0,1655769600
KO,54.703250885009766,0,1655856000
PEP,142.09515380859375,0,1655856000
KO,55.35629653930664,0,1655942400
PEP,143.91050720214844,0,1655942400
KO,56.39400100708008,0,1656028800
PEP,145.69073486328125,0,1656028800
KO,56.277706146240234,0,1656288000
PEP,145.8836669921875,0,1656288000
KO,55.714115142822266,0,1656374400
PEP,143.83154296875,0,1656374400
KO,56.116676330566406,0,1656460800
PEP,146.2169189453125,0,1656460800
KO,56.277706146240234,0,1656547200
PEP,146.155517578125,0,1656547200
KO,57.59272003173828,0,1656633600
PEP,148.5496368408203,0,1656633600
KO,56.60869598388672,0,1656979200
PEP,148.21640014648438,0,1656979200
KO,56.724998474121094,0,1657065600
PEP,149.69850158691406,0,1657065600
KO,56.277706146240234,0,1657152000
PEP,149.4003143310547,0,1657152000
KO,56.48345184326172,0,1657238400
PEP,150.7333221435547,0,1657238400
KO,56.30454635620117,0,1657497600
PEP,149.496826171875,0,1657497600
KO,56.06300735473633,0,1657584000
PEP,148.64613342285156,0,1657584000
KO,55.8035774230957,0,1657670400
PEP,149.1722869873047,0,1657670400
KO,55.624664306640625,0,1657756800
PEP,149.9440460205078,0,1657756800
KO,55.910919189453125,0,1657843200
PEP,150.06678771972656,0,1657843200
KO,55.150535583496094,0,1658102400
PEP,147.5586700439453,0,1658102400
KO,55.93775939941406,0,1658188800
PEP,149.13722229003906,0,1658188800
KO,55.0163459777832,0,1658275200
PEP,147.5586700439453,0,1658275200
KO,54.89112091064453,0,1658361600
PEP,147.77793884277344,0,1658361600
KO,55.09686279296875,0,1658448000
PEP,148.74258422851562,0,1658448000
KO,55.63360595703125,0,1658707200
PEP,148.9530487060547,0,1658707200
KO,56.546077728271484,0,1658793600
PEP,150.68946838378906,0,1658793600
KO,56.36716079711914,0,1658880000
PEP,150.47897338867188,0,1658880000
KO,57.30646896362305,0,1658966400
PEP,153.32911682128906,0,1658966400
KO,57.40486526489258,0,1659052800
PEP,153.4343719482422,0,1659052800
KO,57.71796417236328,0,1659312000
PEP,155.1795654296875,0,1659312000
KO,56.93074035644531,0,1659398400
PEP,153.89913940429688,0,1659398400
KO,57.18122100830078,0,1659484800
PEP,155.0742950439453,0,1659484800
KO,56.95758056640625,0,1659571200
PEP,154.23240661621094,0,1659571200
KO,56.69815444946289,0,1659657600
PEP,153.07481384277344,0,1659657600
KO,56.33137893676758,0,1659916800
PEP,152.46095275878906,0,1659916800
KO,56.40293884277344,0,1660003200
PEP,153.03097534179688,0,1660003200
KO,56.9396858215332,0,1660089600
PEP,154.29380798339844,0,1660089600
KO,56.55501937866211,0,1660176000
PEP,153.50453186035156,0,1660176000
KO,56.98441696166992,0,1660262400
PEP,155.5127716064453,0,1660262400
KO,57.700069427490234,0,1660521600
PEP,157.2228546142578,0,1660521600
KO,58.17420959472656,0,1660608000
PEP,158.13494873046875,0,1660608000
KO,58.04001235961914,0,1660694400
PEP,158.0472412109375,0,1660694400
KO,58.34416961669922,0,1660780800
PEP,158.20506286621094,0,1660780800
KO,58.299442291259766,0,1660867200
PEP,158.00335693359375,0,1660867200
KO,57.43169403076172,0,1661126400
PEP,156.4949951171875,0,1661126400
KO,57.494319915771484,0,1661212800
PEP,156.42483520507812,0,1661212800
KO,57.57484817504883,0,1661299200
PEP,157.20533752441406,0,1661299200
KO,57.85215377807617,0,1661385600
PEP,157.214111328125,0,1661385600
KO,56.45661544799805,0,1661472000
PEP,153.50453186035156,0,1661472000
KO,56.116676330566406,0,1661731200
PEP,153.02220153808594,0,1661731200
KO,55.59782409667969,0,1661817600
PEP,151.70675659179688,0,1661817600
KO,55.20421600341797,0,1661904000
PEP,151.07537841796875,0,1661904000
KO,55.46364212036133,0,1661990400
PEP,152.60267639160156,0,1661990400
KO,54.703250885009766,0,1662076800
PEP,150.66921997070312,0,1662076800
KO,54.73009490966797,0,1662422400
PEP,149.6539306640625,0,1662422400
KO,55.7409553527832,0,1662508800
PEP,152.95584106445312,0,1662508800
KO,55.57099151611328,0,1662595200
PEP,152.44375610351562,0,1662595200
KO,55.74989700317383,0,1662681600
PEP,152.92935180664062,0,1662681600
KO,55.910919189453125,0,1662940800
PEP,153.5296630859375,0,1662940800
KO,54.094940185546875,0,1663027200
PEP,147.7998809814453,0,1663027200
KO,54.381202697753906,0,1663113600
PEP,148.921142578125,0,1663113600
KO,53.64229965209961,0,1663200000
PEP,146.4491424560547,0,1663200000
KO,53.65132141113281,0,1663286400
PEP,147.41143798828125,0,1663286400
KO,54.05681228637695,0,1663545600
PEP,148.9652557373047,0,1663545600
KO,53.975704193115234,0,1663632000
PEP,149.13304138183594,0,1663632000
KO,53.52516174316406,0,1663718400
PEP,148.70925903320312,0,1663718400
KO,53.39900588989258,0,1663804800
PEP,148.8505096435547,0,1663804800
KO,52.804283142089844,0,1663891200
PEP,148.7798614501953,0,1663891200
KO,52.146480560302734,0,1664150400
PEP,148.71810913085938,0,1664150400
KO,50.80385208129883,0,1664236800
PEP,146.56387329101562,0,1664236800
KO,51.344505310058594,0,1664323200
PEP,148.91229248046875,0,1664323200
KO,50.97505187988281,0,1664409600
PEP,147.0936279296875,0,1664409600
KO,50.47945022583008,0,1664496000
PEP,144.1360321044922,0,1664496000
KO,51.04713821411133,0,1664755200
PEP,145.89292907714844,0,1664755200
KO,51.16428756713867,0,1664841600
PEP,147.53504943847656,0,1664841600
KO,50.677696228027344,0,1664928000
PEP,146.55508422851562,0,1664928000
KO,49.587364196777344,0,1665014400
PEP,143.72988891601562,0,1665014400
KO,49.11879348754883,0,1665100800
PEP,142.67933654785156,0,1665100800
KO,49.01066207885742,0,1665360000
PEP,142.8647003173828,0,1665360000
KO,49.09176254272461,0,1665446400
PEP,143.5445098876953,0,1665446400
KO,49.686492919921875,0,1665532800
PEP,149.54794311523438,0,1665532800
KO,50.34428787231445,0,1665619200
PEP,154.15652465820312,0,1665619200
KO,49.54230499267578,0,1665705600
PEP,150.25425720214844,0,1665705600
KO,50.18208312988281,0,1665964800
PEP,152.49673461914062,0,1665964800
KO,50.857913970947266,0,1666051200
PEP,154.5537872314453,0,1666051200
KO,50.425384521484375,0,1666137600
PEP,153.0529327392578,0,1666137600
KO,49.632415771484375,0,1666224000
PEP,151.37551879882812,0,1666224000
KO,50.425384521484375,0,1666310400
PEP,152.78805541992188,0,1666310400
KO,51.87614822387695,0,1666569600
PEP,156.86691284179688,0,1666569600
KO,53.119667053222656,0,1666656000
PEP,157.38778686523438,0,1666656000
KO,53.516151428222656,0,1666742400
PEP,158.09410095214844,0,1666742400
KO,53.64229965209961,0,1666828800
PEP,157.9263153076172,0,1666828800
KO,54.75065612792969,0,1666915200
PEP,160.8839111328125,0,1666915200
KO,53.93064880371094,0,1667174400
PEP,160.3101043701172,0,1667174400
KO,53.74142074584961,0,1667260800
PEP,159.58612060546875,0,1667260800
KO,52.99351501464844,0,1667347200
PEP,157.3612823486328,0,1667347200
KO,52.96648025512695,0,1667433600
PEP,156.9552001953125,0,1667433600
KO,53.39900588989258,0,1667520000
PEP,157.83804321289062,0,1667520000
KO,53.60626220703125,0,1667779200
PEP,159.10052490234375,0,1667779200
KO,53.705379486083984,0,1667865600
PEP,159.54197692871094,0,1667865600
KO,52.95746612548828,0,1667952000
PEP,157.63499450683594,0,1667952000
KO,54.858787536621094,0,1668038400
PEP,160.41598510742188,0,1668038400
KO,55.25526428222656,0,1668124800
PEP,157.19354248046875,0,1668124800
KO,54.72361373901367,0,1668384000
PEP,156.02816772460938,0,1668384000
KO,54.633514404296875,0,1668470400
PEP,156.43431091308594,0,1668470400
KO,54.534385681152344,0,1668556800
PEP,157.44076538085938,0,1668556800
KO,54.705596923828125,0,1668643200
PEP,158.94163513183594,0,1668643200
KO,55.09307098388672,0,1668729600
PEP,160.08935546875,0,1668729600
KO,55.940101623535156,0,1668988800
PEP,163.17051696777344,0,1668988800
KO,56.18339157104492,0,1669075200
PEP,163.18817138671875,0,1669075200
KO,56.43570327758789,0,1669161600
PEP,163.40005493164062,0,1669161600
KO,56.489768981933594,0,1669334400
PEP,162.54371643066406,0,1669334400
KO,56.498783111572266,0,1669593600
PEP,162.3494873046875,0,1669593600
KO,56.300540924072266,0,1669680000
PEP,161.20176696777344,0,1669680000
KO,57.72529602050781,0,1669766400
PEP,163.77969360351562,0,1669766400
KO,57.888641357421875,0,1669852800
PEP,165.1477813720703,0,1669852800
KO,58.39683151245117,0,1669939200
PEP,164.96121215820312,0,1669939200
KO,57.598243713378906,0,1670198400
PEP,162.6781005859375,0,1670198400
KO,57.57101821899414,0,1670284800
PEP,161.35443115234375,0,1670284800
KO,57.661773681640625,0,1670371200
PEP,161.8430633544922,0,1670371200
KO,57.90679168701172,0,1670457600
PEP,163.26446533203125,0,1670457600
KO,57.29877471923828,0,1670544000
PEP,162.6603546142578,0,1670544000
KO,58.0519905090332,0,1670803200
PEP,163.43324279785156,0,1670803200
KO,58.07014083862305,0,1670889600
PEP,163.34442138671875,0,1670889600
KO,58.07014083862305,0,1670976000
PEP,162.891357421875,0,1670976000
KO,57.271549224853516,0,1671062400
PEP,160.1284942626953,0,1671062400
KO,56.944854736328125,0,1671148800
PEP,160.2084503173828,0,1671148800
KO,57.02652359008789,0,1671408000
PEP,161.09681701660156,0,1671408000
KO,56.98115158081055,0,1671494400
PEP,160.9990997314453,0,1671494400
KO,57.89772033691406,0,1671580800
PEP,162.12733459472656,0,1671580800
KO,57.48027420043945,0,1671667200
PEP,160.87474060058594,0,1671667200
KO,57.915863037109375,0,1671753600
PEP,161.9141387939453,0,1671753600
KO,58.26978302001953,0,1672099200
PEP,162.63369750976562,0,1672099200
KO,57.68899917602539,0,1672185600
PEP,161.46102905273438,0,1672185600
KO,58.033843994140625,0,1672272000
PEP,161.66537475585938,0,1672272000
KO,57.72529602050781,0,1672358400
PEP,160.49273681640625,0,1672358400
